,Tournament Name,Tournament Date,Tournament Country,Discipline,Number of Sets Played,Retired,Match Duration (min),Team 1 Nationalities,Team 2 Nationalities,Team 1 Name(s),Team 1 Seed,Team 2 Name(s),Team 2 Seed,Points Set 1 Team 1,Points Set 1 Team 2,Points Set 2 Team 1,Points Set 2 Team 2,Points Set 3 Team 1,Points Set 3 Team 2,Total Points Team 1,Total Points Team 2,Sets Won Team 1,Sets Won Team 2,Total Game Points Team 1,Total Game Points Team 2,Most Consecutive Points Team 1,Most Consecutive Points Team 2,Team 1 Head to Head Analysis,Team 2 Head to Head Analysis,Upset,Team 1 World Ranking (at the time),Team 1 Points Accumulated,Team 2 World Ranking (at the time),Team 2 Points Accumulated
0,Blibli_Indonesia_Open,2018-07-07,2,MD,4,0,32,8,3,69,7.0,67,,21,13,21.0,11.0,,,42,24,2,0,4,0,7,3,1,1,1,24.0,18760.0,12.0,21750.0
1,Blibli_Indonesia_Open,2018-07-06,2,MD,4,0,29,1,10,36,,7,,21,13,21.0,8.0,,,42,21,2,0,3,0,9,3,1,1,1,12.0,21750.0,5.0,27710.0
2,Yonex_All_England_Open,2018-03-17,1,MD,4,0,38,7,5,47,1.0,75,6.0,21,11,21.0,19.0,,,42,30,2,0,3,0,5,5,5,2,0,2.0,18400.0,10.0,11460.0
3,Yonex_All_England_Open,2018-03-16,1,MD,4,0,30,7,3,47,1.0,14,7.0,21,15,21.0,13.0,,,42,28,2,0,4,0,4,4,4,0,0,2.0,18400.0,10.0,11460.0
4,Yonex_All_England_Open,2018-03-18,1,MD,4,0,42,7,5,47,1.0,81,2.0,21,18,21.0,17.0,,,42,35,2,0,2,0,4,4,4,4,0,2.0,18400.0,13.0,10600.0
5,Blibli_Indonesia_Open,2018-07-04,2,MD,6,0,62,7,2,62,,34,,16,21,21.0,17.0,26.0,24.0,63,62,2,1,6,3,5,5,1,0,1,,,33.0,13280.0
6,Blibli_Indonesia_Open,2018-07-07,2,MD,4,0,24,7,10,47,1.0,26,,21,13,21.0,10.0,,,42,23,2,0,4,0,6,2,5,4,0,1.0,36450.0,3.0,29920.0
7,Blibli_Indonesia_Open,2018-07-06,2,MD,6,0,65,7,5,47,1.0,75,5.0,20,22,22.0,20.0,21.0,18.0,63,60,2,1,5,1,6,4,5,2,0,1.0,36450.0,7.0,26370.0
8,Yonex_All_England_Open,2018-03-15,1,MD,4,0,47,0,5,34,3.0,52,,21,17,21.0,17.0,,,42,34,2,0,7,0,10,5,8,1,0,5.0,12840.0,6.0,12240.0
9,Blibli_Indonesia_Open,2018-07-03,2,MD,6,0,58,7,2,5,,32,,20,22,21.0,18.0,21.0,18.0,62,58,2,1,3,2,5,5,1,1,0,5.0,25050.0,14.0,17420.0
10,Blibli_Indonesia_Open,2018-07-05,2,MD,4,0,32,7,5,5,,52,8.0,21,14,21.0,12.0,,,42,26,2,0,4,0,5,3,0,1,0,5.0,27710.0,9.0,25840.0
11,Blibli_Indonesia_Open,2018-07-08,2,MD,4,0,31,7,12,47,1.0,108,7.0,21,13,21.0,16.0,,,42,29,2,0,4,0,5,5,7,0,0,1.0,36450.0,24.0,18760.0
12,Yonex_All_England_Open,2018-03-17,1,MD,4,0,51,2,12,49,2.0,37,,21,17,21.0,17.0,,,42,34,2,0,4,0,5,3,0,0,0,13.0,10600.0,31.0,5820.0
13,Yonex_All_England_Open,2018-03-16,1,MD,4,0,43,2,14,49,2.0,31,,22,20,21.0,11.0,,,43,31,2,0,3,0,6,4,2,3,1,13.0,10600.0,3.0,17740.0
14,Blibli_Indonesia_Open,2018-07-04,2,MD,6,0,60,7,12,12,,106,6.0,21,18,14.0,21.0,21.0,18.0,56,57,2,1,6,1,4,4,4,6,0,4.0,25600.0,42.0,9350.0
15,Blibli_Indonesia_Open,2018-07-05,2,MD,4,0,27,7,14,47,1.0,89,,21,18,21.0,12.0,,,42,30,2,0,4,0,5,4,6,0,0,1.0,36450.0,26.0,18240.0
16,Victor_China_Open,2018-09-20,0,MD,4,0,24,7,19,47,1.0,110,,21,13,21.0,13.0,,,42,26,2,0,2,0,4,3,2,0,0,1.0,48450.0,4.0,37910.0
17,Blibli_Indonesia_Open,2018-07-04,2,MD,4,0,37,2,3,43,5.0,14,,21,19,21.0,13.0,,,42,32,2,0,4,0,6,3,1,0,1,6.0,23710.0,3.0,26730.0
18,Blibli_Indonesia_Open,2018-07-06,2,MD,4,0,33,8,17,69,7.0,112,,21,17,21.0,19.0,,,42,36,2,0,4,0,4,5,3,2,0,24.0,18760.0,40.0,11480.0
19,Yonex_All_England_Open,2018-03-14,1,MD,4,0,34,2,13,49,2.0,21,,21,17,21.0,9.0,,,42,26,2,0,3,0,8,3,0,0,0,13.0,10600.0,,
20,Yonex_All_England_Open,2018-03-16,1,MD,4,0,42,8,3,20,,67,,21,14,21.0,19.0,,,42,33,2,0,3,0,4,3,1,3,1,31.0,5820.0,17.0,8640.0
21,Victor_China_Open,2018-09-20,0,MD,4,0,27,0,10,22,,84,,21,11,21.0,12.0,,,42,23,2,0,4,0,6,3,0,1,1,67.0,9120.0,12.0,32640.0
22,Yonex_All_England_Open,2018-03-15,1,MD,6,0,66,10,6,15,,78,,16,21,23.0,21.0,21.0,12.0,60,54,2,1,4,2,6,6,5,1,0,3.0,17740.0,41.0,4900.0
23,Blibli_Indonesia_Open,2018-07-05,2,MD,6,0,69,1,12,36,,37,,21,19,12.0,21.0,22.0,20.0,55,60,2,1,4,1,4,8,2,2,1,12.0,21750.0,10.0,25240.0
24,Yonex_All_England_Open,2018-03-14,1,MD,4,0,40,3,9,46,,4,,22,20,21.0,12.0,,,43,32,2,0,2,1,4,4,0,3,1,41.0,4900.0,20.0,7260.0
25,Victor_China_Open,2018-09-18,0,MD,4,0,37,10,6,56,,78,,21,11,21.0,15.0,,,42,26,2,0,4,0,7,2,2,0,0,28.0,23040.0,33.0,20720.0
26,Victor_China_Open,2018-09-19,0,MD,4,0,30,7,2,53,,68,4.0,21,19,21.0,14.0,,,42,33,2,0,5,0,6,3,1,0,0,12.0,32640.0,25.0,25380.0
27,Yonex_All_England_Open,2018-03-16,1,MD,4,0,48,2,2,43,6.0,65,3.0,23,21,21.0,15.0,,,44,36,2,0,3,1,4,4,2,0,1,10.0,11460.0,5.0,12840.0
28,Blibli_Indonesia_Open,2018-07-03,2,MD,4,0,32,0,12,34,4.0,107,,21,18,21.0,16.0,,,42,34,2,0,5,0,5,5,4,2,0,12.0,19440.0,97.0,3000.0
29,Yonex_All_England_Open,2018-03-15,1,MD,6,0,41,1,10,36,,84,,13,21,21.0,18.0,21.0,14.0,55,53,2,1,4,4,5,5,0,4,0,17.0,8640.0,23.0,6420.0
30,Blibli_Indonesia_Open,2018-07-05,2,MD,6,0,41,0,2,37,3.0,39,,15,21,21.0,13.0,21.0,13.0,57,47,2,1,4,2,8,4,1,0,0,23.0,18780.0,81.0,4320.0
31,Blibli_Indonesia_Open,2018-07-06,2,MD,6,0,71,7,2,12,,68,3.0,21,18,18.0,21.0,25.0,23.0,64,62,2,1,8,2,5,4,1,1,0,3.0,29920.0,23.0,18780.0
32,Victor_China_Open,2018-09-19,0,MD,6,0,58,7,5,5,,75,6.0,22,20,11.0,21.0,21.0,16.0,54,57,2,1,2,5,6,4,1,1,0,9.0,34310.0,11.0,32970.0
33,Blibli_Indonesia_Open,2018-07-03,2,MD,4,0,34,1,5,36,,81,2.0,21,13,21.0,15.0,,,42,28,2,0,2,0,5,3,0,1,1,13.0,19090.0,8.0,20800.0
34,Victor_China_Open,2018-09-20,0,MD,6,0,55,0,14,34,2.0,89,,21,15,17.0,21.0,21.0,17.0,59,53,2,1,2,2,6,6,6,0,0,14.0,31940.0,28.0,23040.0
35,Victor_China_Open,2018-09-18,0,MD,4,0,33,0,3,34,2.0,72,,21,12,24.0,22.0,,,45,34,2,0,4,2,4,3,6,2,0,14.0,31940.0,23.0,26170.0
36,Yonex_All_England_Open,2018-03-15,1,MD,6,0,63,2,8,43,6.0,45,,22,20,19.0,21.0,21.0,11.0,62,52,2,1,6,3,5,4,1,0,0,10.0,11460.0,58.0,2750.0
37,Victor_China_Open,2018-09-18,0,MD,6,0,60,2,12,29,8.0,37,,21,18,17.0,21.0,21.0,11.0,59,50,2,1,3,3,7,4,1,4,1,16.0,30640.0,5.0,37840.0
38,Victor_China_Open,2018-09-18,0,MD,4,0,32,5,2,48,,90,,21,16,21.0,18.0,,,42,34,2,0,7,0,6,4,0,1,1,31.0,21490.0,17.0,28740.0
39,Victor_China_Open,2018-09-22,0,MD,6,0,46,0,10,16,,79,1.0,21,19,11.0,21.0,21.0,17.0,53,57,2,1,2,3,4,5,2,4,1,10.0,33470.0,1.0,48450.0
40,Victor_China_Open,2018-09-21,0,MD,6,0,51,1,2,8,,34,,19,21,21.0,12.0,22.0,20.0,62,53,2,1,3,2,4,7,1,4,0,8.0,34610.0,26.0,23980.0
41,Victor_China_Open,2018-09-18,0,MD,6,0,39,6,3,3,,67,,13,21,21.0,13.0,21.0,12.0,55,46,2,1,4,2,6,6,0,1,1,20.0,27280.0,6.0,37410.0
42,Yonex_All_England_Open,2018-03-14,1,MD,4,0,36,8,19,20,,57,,21,8,24.0,22.0,,,45,30,2,0,3,3,11,5,2,0,1,31.0,5820.0,21.0,6710.0
43,Victor_China_Open,2018-09-21,0,MD,4,0,33,2,2,29,8.0,65,2.0,21,12,21.0,13.0,,,42,25,2,0,2,0,4,2,0,9,1,16.0,30640.0,14.0,31940.0
44,Blibli_Indonesia_Open,2018-07-04,2,MD,4,0,30,10,10,56,,113,,21,18,21.0,11.0,,,42,29,2,0,4,0,10,3,1,2,1,30.0,13920.0,10.0,20470.0
45,Victor_China_Open,2018-09-19,0,MD,4,0,24,0,3,22,,61,,21,11,21.0,16.0,,,42,27,2,0,3,0,5,4,1,0,1,67.0,9120.0,37.0,18070.0
46,Yonex_All_England_Open,2018-03-14,1,MD,4,0,42,2,6,51,,93,,21,19,21.0,15.0,,,42,34,2,0,2,0,4,4,1,0,0,16.0,9410.0,58.0,2750.0
47,Victor_China_Open,2018-09-22,0,MD,4,0,40,2,3,29,8.0,14,,21,13,21.0,19.0,,,42,32,2,0,2,0,4,3,3,2,1,16.0,30640.0,8.0,34610.0
48,Victor_China_Open,2018-09-18,0,MD,6,0,40,0,12,18,,107,,21,16,18.0,21.0,21.0,18.0,60,55,2,1,4,3,4,4,4,2,0,26.0,23980.0,61.0,10880.0
49,Victor_China_Open,2018-09-18,0,MD,6,0,48,7,12,12,,106,3.0,20,22,21.0,15.0,21.0,15.0,62,52,2,1,4,1,7,3,4,6,0,2.0,38320.0,13.0,32550.0
50,Yonex_All_England_Open,2018-03-14,1,MD,6,0,49,5,8,25,,80,,21,14,19.0,21.0,21.0,16.0,61,51,2,1,3,3,5,6,0,0,0,58.0,2750.0,58.0,2750.0
51,Victor_China_Open,2018-09-21,0,MD,4,0,23,0,2,16,,39,,21,16,21.0,18.0,,,42,34,2,0,6,0,5,2,1,0,0,10.0,33470.0,67.0,9120.0
52,Blibli_Indonesia_Open,2018-07-03,2,MD,4,0,30,8,9,20,,103,,21,8,21.0,15.0,,,42,23,2,0,2,0,7,3,1,2,0,18.0,15890.0,20.0,14820.0
53,Victor_China_Open,2018-09-23,0,MD,6,0,52,2,2,29,8.0,32,,21,13,17.0,21.0,21.0,14.0,59,48,2,1,4,1,5,5,3,0,1,16.0,30640.0,10.0,33470.0
54,Blibli_Indonesia_Open,2018-07-05,2,MD,6,0,55,7,15,12,,42,,21,18,19.0,21.0,21.0,14.0,61,53,2,1,3,1,5,5,0,0,0,3.0,29920.0,49.0,9720.0
55,Victor_China_Open,2018-09-20,0,MD,6,0,72,0,10,16,,7,,8,21,25.0,23.0,24.0,22.0,57,66,2,1,7,4,6,6,0,2,1,10.0,33470.0,9.0,34310.0
56,Victor_China_Open,2018-09-19,0,MD,4,0,33,0,17,16,,112,,21,18,21.0,16.0,,,42,34,2,0,5,0,5,3,1,1,0,10.0,33470.0,29.0,21930.0
57,Victor_China_Open,2018-09-19,0,MD,4,0,22,14,1,70,,41,,21,14,21.0,9.0,,,42,23,2,0,5,0,7,3,0,0,0,4.0,37910.0,34.0,20010.0
58,Yonex_All_England_Open,2018-03-14,1,MD,4,0,46,1,2,36,,68,4.0,22,20,22.0,20.0,,,44,40,2,0,3,1,3,4,0,2,1,17.0,8640.0,10.0,11460.0
59,Victor_China_Open,2018-09-19,0,MD,4,0,31,7,12,62,,108,7.0,21,19,21.0,14.0,,,42,33,2,0,4,0,4,6,0,0,1,98.0,4800.0,7.0,35380.0
60,Yonex_All_England_Open,2018-03-15,1,MD,6,0,51,7,14,47,1.0,89,,21,17,20.0,22.0,21.0,13.0,62,52,2,1,4,2,6,6,6,0,0,2.0,18400.0,19.0,7450.0
61,Blibli_Indonesia_Open,2018-07-03,2,MD,6,0,60,2,14,29,8.0,31,,21,17,19.0,21.0,21.0,15.0,61,53,2,1,4,1,4,3,1,3,1,11.0,19790.0,2.0,29240.0
62,Victor_China_Open,2018-09-21,0,MD,4,0,23,7,10,47,1.0,100,,21,13,21.0,12.0,,,42,25,2,0,3,0,7,2,2,0,0,1.0,48450.0,98.0,4800.0
63,Victor_China_Open,2018-09-20,0,MD,6,0,42,0,10,18,,26,,21,17,12.0,21.0,21.0,17.0,54,55,2,1,2,2,4,5,1,2,1,26.0,23980.0,2.0,38320.0
64,Yonex_All_England_Open,2018-03-15,1,MD,6,0,63,2,9,49,2.0,103,,21,16,16.0,21.0,23.0,21.0,60,58,2,1,4,2,5,4,3,1,0,13.0,10600.0,15.0,10020.0
65,Blibli_Indonesia_Open,2018-07-04,2,MD,6,0,53,0,9,37,3.0,4,,15,21,21.0,15.0,21.0,17.0,57,53,2,1,3,1,6,5,0,1,1,24.0,14460.0,9.0,20680.0
66,Yonex_All_England_Open,2019-03-06,1,MD,6,0,67,0,10,37,,79,1.0,21,19,20.0,22.0,21.0,17.0,62,58,2,1,2,4,4,5,1,5,1,50.0,2750.0,2.0,18400.0
67,Blibli_Indonesia_Open,2018-07-04,2,MD,6,0,35,7,10,47,1.0,84,,21,16,18.0,21.0,21.0,10.0,60,47,2,1,2,2,10,3,10,2,0,1.0,30400.0,17.0,16120.0
68,Blibli_Indonesia_Open,2018-07-03,2,MD,4,0,29,12,5,71,,48,,21,11,21.0,14.0,,,42,25,2,0,3,0,6,4,0,0,1,45.0,8820.0,15.0,17110.0
69,Yonex_All_England_Open,2019-03-07,1,MD,4,0,40,10,12,15,,37,4.0,21,18,21.0,19.0,,,42,37,2,0,2,0,6,5,2,0,1,6.0,15640.0,4.0,17080.0
70,Victor_China_Open,2018-09-20,0,MD,4,0,26,2,8,29,8.0,80,,21,9,21.0,9.0,,,42,18,2,0,2,0,6,3,11,4,0,16.0,30640.0,31.0,21490.0
71,Victor_China_Open,2018-09-19,0,MD,4,0,35,10,9,15,,103,,21,19,22.0,20.0,,,43,39,2,0,5,0,4,4,1,0,0,3.0,38290.0,15.0,31800.0
72,Yonex_All_England_Open,2018-03-15,1,MD,6,0,52,8,3,20,,61,8.0,16,21,21.0,16.0,22.0,20.0,59,57,2,1,4,1,3,3,0,0,0,31.0,5820.0,31.0,5820.0
73,Blibli_Indonesia_Open,2018-07-03,2,MD,6,0,64,8,3,69,7.0,72,,21,18,18.0,21.0,21.0,14.0,60,53,2,1,2,1,6,7,2,0,1,25.0,14440.0,16.0,16910.0
74,Yonex_All_England_Open,2018-03-14,1,MD,4,0,29,1,12,8,7.0,108,,21,10,21.0,15.0,,,42,25,2,0,4,0,6,3,3,0,0,10.0,11460.0,44.0,4440.0
75,Yonex_All_England_Open,2019-03-06,1,MD,4,0,36,7,6,53,6.0,78,,21,19,21.0,12.0,,,42,31,2,0,6,0,4,3,4,0,0,10.0,11400.0,33.0,6070.0
76,Blibli_Indonesia_Open,2018-07-05,2,MD,4,0,30,12,2,71,,65,4.0,21,19,21.0,15.0,,,42,34,2,0,3,0,5,4,0,2,1,40.0,11480.0,6.0,27140.0
77,Blibli_Indonesia_Open,2018-07-05,2,MD,4,0,36,8,19,69,7.0,110,,21,17,21.0,18.0,,,42,35,2,0,3,0,7,4,0,0,1,24.0,18760.0,8.0,25850.0
78,Victor_China_Open,2018-09-19,0,MD,6,0,42,7,10,47,1.0,113,,17,21,21.0,13.0,21.0,13.0,59,47,2,1,3,2,4,5,4,1,0,1.0,48450.0,18.0,28510.0
79,Blibli_Indonesia_Open,2018-07-03,2,MD,4,0,42,14,5,70,,83,,21,19,26.0,24.0,,,47,43,2,0,8,1,5,4,1,0,0,7.0,23190.0,27.0,14210.0
80,Blibli_Indonesia_Open,2018-07-04,2,MD,6,0,68,11,13,23,,21,,27,29,21.0,10.0,21.0,13.0,69,52,2,1,5,6,5,5,0,0,0,49.0,7610.0,71.0,4670.0
81,Yonex_All_England_Open,2018-03-15,1,MD,6,0,65,1,5,8,7.0,83,,19,21,21.0,16.0,21.0,18.0,61,55,2,1,2,1,6,5,1,1,0,10.0,11460.0,16.0,9410.0
82,Blibli_Indonesia_Open,2018-07-05,2,MD,4,0,34,2,10,43,5.0,100,,21,12,21.0,17.0,,,42,29,2,0,3,0,5,6,0,0,0,7.0,26370.0,,
83,Yonex_All_England_Open,2019-03-07,1,MD,4,0,40,8,5,67,3.0,81,,21,14,21.0,16.0,,,42,30,2,0,4,0,5,4,2,4,0,5.0,16030.0,17.0,9340.0
84,Victor_China_Open,2018-09-20,0,MD,4,0,24,1,9,8,,4,,21,9,21.0,10.0,,,42,19,2,0,2,0,7,3,2,1,0,8.0,34610.0,20.0,27280.0
85,Yonex_All_England_Open,2019-03-07,1,MD,4,0,34,5,2,48,,34,,22,20,21.0,14.0,,,43,34,2,0,4,0,6,5,0,0,0,11.0,11040.0,33.0,6070.0
86,Yonex_All_England_Open,2019-03-09,1,MD,4,0,44,7,12,53,6.0,106,3.0,21,19,21.0,16.0,,,42,35,2,0,2,0,4,4,6,2,1,10.0,11400.0,5.0,16030.0
87,Blibli_Indonesia_Open,2019-07-16,2,MD,6,0,54,0,14,34,3.0,0,,19,21,21.0,15.0,21.0,9.0,61,45,2,1,3,3,4,6,6,0,1,12.0,30360.0,5.0,38880.0
88,Yonex_All_England_Open,2019-03-10,1,MD,6,0,48,7,14,53,6.0,0,,11,21,21.0,14.0,21.0,12.0,53,47,2,1,2,1,5,6,8,6,1,10.0,11400.0,8.0,15240.0
89,Yonex_All_England_Open,2019-03-08,1,MD,4,0,39,7,14,12,8.0,31,,22,20,21.0,12.0,,,43,32,2,0,3,1,7,6,2,0,1,22.0,8640.0,6.0,15640.0
90,Yonex_All_England_Open,2019-03-08,1,MD,6,0,64,10,2,0,,68,,21,19,17.0,21.0,21.0,12.0,59,52,2,1,3,1,5,5,1,0,0,8.0,15240.0,50.0,2750.0
91,Victor_China_Open,2018-09-18,0,MD,4,0,26,1,15,8,,42,,21,11,21.0,13.0,,,42,24,2,0,5,0,7,2,1,1,0,8.0,34610.0,45.0,16190.0
92,Yonex_All_England_Open,2018-03-14,1,MD,4,0,49,2,3,29,,72,,21,15,25.0,23.0,,,46,38,2,0,2,4,5,4,5,3,0,6.0,12240.0,6.0,12240.0
93,Yonex_All_England_Open,2019-03-09,1,MD,6,0,59,10,10,0,,26,8.0,12,21,22.0,20.0,21.0,19.0,55,60,2,1,5,1,5,5,3,4,0,8.0,15240.0,22.0,8640.0
94,Blibli_Indonesia_Open,2019-07-19,2,MD,6,0,63,7,12,53,4.0,37,5.0,21,15,9.0,21.0,22.0,20.0,52,56,2,1,2,2,5,6,5,2,0,2.0,51950.0,8.0,35760.0
95,Victor_China_Open,2018-09-20,0,MD,6,0,49,7,14,62,,31,,21,14,17.0,21.0,21.0,19.0,59,54,2,1,2,1,6,4,1,0,1,98.0,4800.0,3.0,38290.0
96,Yonex_All_England_Open,2018-03-14,1,MD,4,0,31,0,13,34,3.0,56,,21,15,21.0,12.0,,,42,27,2,0,3,0,6,3,0,0,0,5.0,12840.0,,
97,Blibli_Indonesia_Open,2019-07-20,2,MD,6,0,57,7,12,53,4.0,107,,17,21,21.0,19.0,21.0,17.0,59,57,2,1,5,3,4,3,2,2,0,2.0,51950.0,16.0,25980.0
98,Yonex_All_England_Open,2019-03-06,1,MD,6,0,49,10,3,0,,72,,12,21,21.0,16.0,21.0,16.0,54,53,2,1,6,3,5,6,4,2,1,8.0,15240.0,3.0,18040.0
99,Blibli_Indonesia_Open,2019-07-20,2,MD,4,0,29,7,2,47,1.0,65,3.0,21,9,21.0,13.0,,,42,22,2,0,2,0,6,3,10,2,0,11.0,33870.0,12.0,30360.0
100,Yonex_All_England_Open,2019-03-08,1,MD,4,0,27,7,8,53,6.0,80,,21,12,21.0,13.0,,,42,25,2,0,2,0,7,3,4,1,0,10.0,11400.0,11.0,11040.0
101,Blibli_Indonesia_Open,2019-07-17,2,MD,6,0,66,7,2,12,6.0,38,,18,21,21.0,14.0,21.0,16.0,60,51,2,1,3,1,3,4,0,0,0,6.0,38450.0,26.0,19850.0
102,Blibli_Indonesia_Open,2019-07-16,2,MD,4,0,45,0,15,58,,42,,21,17,21.0,18.0,,,42,35,2,0,2,0,5,4,0,0,0,14.0,26340.0,44.0,12390.0
103,Blibli_Indonesia_Open,2019-07-18,2,MD,4,0,30,7,8,53,4.0,80,,21,16,21.0,17.0,,,42,33,2,0,2,0,8,5,4,1,0,2.0,51950.0,22.0,22060.0
104,Blibli_Indonesia_Open,2019-07-19,2,MD,4,0,31,7,2,47,1.0,91,,21,12,21.0,16.0,,,42,28,2,0,3,0,6,3,2,0,0,11.0,33870.0,14.0,26340.0
105,Blibli_Indonesia_Open,2019-07-21,2,MD,4,0,28,7,10,47,1.0,84,4.0,21,19,21.0,16.0,,,42,35,2,0,5,0,5,4,10,2,1,11.0,33870.0,2.0,51950.0
106,Blibli_Indonesia_Open,2019-07-19,2,MD,4,0,42,8,10,68,,26,6.0,21,19,21.0,12.0,,,42,31,2,0,4,0,4,4,2,4,1,16.0,25980.0,6.0,38450.0
107,Yonex_All_England_Open,2019-03-06,1,MD,6,0,73,2,10,29,5.0,113,,21,18,15.0,21.0,22.0,20.0,58,59,2,1,5,3,5,7,0,1,0,7.0,15310.0,13.0,9950.0
108,Yonex_All_England_Open,2019-03-07,1,MD,4,0,32,7,17,53,6.0,112,,21,19,21.0,18.0,,,42,37,2,0,4,0,5,5,5,0,0,10.0,11400.0,28.0,7190.0
109,Yonex_All_England_Open,2019-03-08,1,MD,4,0,36,8,2,67,3.0,32,7.0,21,12,21.0,17.0,,,42,29,2,0,5,0,4,3,2,0,0,5.0,16030.0,18.0,9170.0
110,Blibli_Indonesia_Open,2019-07-17,2,MD,4,0,51,7,6,53,4.0,78,,28,26,21.0,17.0,,,49,43,2,0,4,6,4,3,4,0,0,2.0,51950.0,31.0,17920.0
111,Yonex_All_England_Open,2019-03-06,1,MD,4,0,45,1,13,36,,54,,21,17,21.0,14.0,,,42,31,2,0,4,0,5,3,0,1,0,32.0,6110.0,36.0,5820.0
112,Yonex_All_England_Open,2019-03-07,1,MD,6,0,61,7,2,12,8.0,90,,13,21,21.0,19.0,23.0,21.0,57,61,2,1,7,2,6,6,0,0,0,22.0,8640.0,40.0,5270.0
113,Blibli_Indonesia_Open,2019-07-18,2,MD,4,0,28,7,9,47,1.0,103,,21,15,21.0,14.0,,,42,29,2,0,5,0,5,3,12,0,0,11.0,33870.0,95.0,2750.0
114,Victor_China_Open,2019-09-18,0,MD,4,0,39,8,14,20,6.0,0,,21,14,21.0,17.0,,,42,31,2,0,4,0,6,3,1,0,1,8.0,54830.0,7.0,55380.0
115,Blibli_Indonesia_Open,2019-07-17,2,MD,6,0,46,7,3,62,,63,,21,19,14.0,21.0,21.0,14.0,56,54,2,1,2,1,9,10,0,1,1,43.0,12680.0,3.0,47490.0
116,Yonex_All_England_Open,2019-03-06,1,MD,4,0,25,1,19,32,,9,,21,11,21.0,16.0,,,42,27,2,0,3,0,4,2,1,1,0,15.0,9750.0,30.0,7120.0
117,Blibli_Indonesia_Open,2019-07-19,2,MD,4,0,31,0,2,34,3.0,34,,21,17,21.0,12.0,,,42,29,2,0,3,0,5,3,1,2,0,12.0,30360.0,23.0,20980.0
118,Victor_China_Open,2019-09-19,0,MD,4,0,34,8,9,67,4.0,103,,21,19,21.0,8.0,,,42,27,2,0,4,0,5,4,4,0,0,3.0,68550.0,36.0,22800.0
119,Blibli_Indonesia_Open,2019-07-17,2,MD,4,0,37,7,14,72,,17,,21,15,21.0,18.0,,,42,33,2,0,4,0,4,3,0,0,0,15.0,26090.0,27.0,19820.0
120,Victor_China_Open,2019-09-17,0,MD,6,0,60,8,14,67,4.0,29,,15,21,21.0,13.0,21.0,16.0,57,50,2,1,6,2,7,4,1,0,0,3.0,68550.0,22.0,33760.0
121,Yonex_All_England_Open,2018-03-14,1,MD,4,0,31,10,12,15,,106,5.0,21,13,21.0,17.0,,,42,30,2,0,3,0,5,3,2,11,0,3.0,17740.0,51.0,3600.0
122,Blibli_Indonesia_Open,2019-07-16,2,MD,4,0,29,0,2,18,,23,,21,14,21.0,18.0,,,42,32,2,0,7,0,5,4,1,0,0,23.0,20980.0,48.0,9920.0
123,Blibli_Indonesia_Open,2019-07-16,2,MD,6,0,65,0,3,16,7.0,72,,21,16,15.0,21.0,21.0,17.0,57,54,2,1,2,2,4,4,2,0,1,13.0,27890.0,9.0,34770.0
124,Victor_China_Open,2019-09-18,0,MD,4,0,29,2,3,29,8.0,62,,21,14,21.0,11.0,,,42,25,2,0,3,0,4,3,2,0,1,19.0,35900.0,18.0,36660.0
125,Victor_China_Open,2019-09-17,0,MD,4,0,45,2,2,50,,32,6.0,21,19,21.0,18.0,,,42,37,2,0,4,0,4,4,2,1,1,45.0,18650.0,13.0,40610.0
126,Yonex_All_England_Open,2019-03-06,1,MD,6,0,56,0,2,18,,65,2.0,18,21,21.0,18.0,24.0,22.0,63,61,2,1,3,6,4,4,1,2,0,33.0,6070.0,42.0,5040.0
127,Victor_China_Open,2019-09-17,0,MD,4,0,30,6,1,65,,41,,21,7,21.0,18.0,,,42,25,2,0,3,0,9,3,0,0,0,36.0,22800.0,43.0,19620.0
128,Yonex_All_England_Open,2019-03-06,1,MD,6,0,55,12,12,71,,108,,15,21,21.0,19.0,21.0,16.0,57,56,2,1,4,1,5,8,1,4,1,28.0,7190.0,19.0,8930.0
129,Victor_China_Open,2019-09-17,0,MD,4,0,34,7,12,47,1.0,107,,21,17,21.0,15.0,,,42,32,2,0,2,0,5,3,10,4,0,4.0,61910.0,12.0,40920.0
130,Yonex_All_England_Open,2019-03-06,1,MD,6,0,46,0,9,57,,4,,21,19,16.0,21.0,21.0,14.0,58,54,2,1,2,3,4,5,0,0,0,40.0,5270.0,48.0,3600.0
131,Blibli_Indonesia_Open,2019-07-17,2,MD,6,0,68,8,14,20,5.0,89,,17,21,21.0,15.0,21.0,16.0,59,52,2,1,2,1,6,4,5,0,0,8.0,35760.0,10.0,34160.0
132,Yonex_All_England_Open,2019-03-07,1,MD,6,0,65,0,3,37,,63,,22,20,16.0,21.0,21.0,11.0,59,52,2,1,4,1,5,5,0,0,1,50.0,2750.0,15.0,9750.0
133,Victor_China_Open,2019-09-17,0,MD,4,0,21,7,19,12,7.0,9,,21,14,21.0,11.0,,,42,25,2,0,3,0,4,3,0,1,0,6.0,56820.0,29.0,26950.0
134,Blibli_Indonesia_Open,2019-07-18,2,MD,6,0,83,8,10,20,5.0,113,,21,17,16.0,21.0,21.0,17.0,58,55,2,1,5,1,5,5,2,0,0,8.0,35760.0,15.0,26090.0
135,Yonex_All_England_Open,2019-03-07,1,MD,6,0,68,0,3,16,7.0,67,,21,14,20.0,22.0,21.0,19.0,62,55,2,1,5,1,5,4,1,1,0,18.0,9170.0,32.0,6110.0
136,Victor_China_Open,2019-09-19,0,MD,6,0,71,10,5,15,,82,,21,13,22.0,24.0,27.0,25.0,70,62,2,1,8,4,6,6,2,0,0,5.0,58090.0,45.0,18650.0
137,Victor_China_Open,2019-09-20,0,MD,6,0,63,0,14,34,3.0,89,,16,21,22.0,20.0,22.0,20.0,60,61,2,1,4,1,4,4,6,0,0,9.0,54260.0,11.0,43420.0
138,Yonex_All_England_Open,2019-03-06,1,MD,4,0,41,2,13,49,,16,,21,16,21.0,11.0,,,42,27,2,0,5,0,7,4,0,0,0,17.0,9340.0,36.0,5820.0
139,Yonex_All_England_Open,2019-03-07,1,MD,4,0,42,10,5,0,,52,5.0,21,19,21.0,16.0,,,42,35,2,0,2,0,5,5,7,4,1,8.0,15240.0,7.0,15310.0
140,Blibli_Indonesia_Open,2019-07-16,2,MD,6,0,65,9,10,10,,7,,17,21,21.0,11.0,22.0,20.0,60,52,2,1,3,4,5,4,0,0,1,42.0,13720.0,24.0,20580.0
141,Yonex_All_England_Open,2019-03-06,1,MD,6,0,47,8,12,67,3.0,107,,21,17,19.0,21.0,21.0,9.0,61,47,2,1,3,2,5,3,4,2,0,5.0,16030.0,26.0,7490.0
142,Victor_China_Open,2019-09-19,0,MD,6,0,55,7,12,53,2.0,108,,18,21,21.0,17.0,21.0,16.0,60,54,2,1,2,2,5,6,0,0,0,1.0,73720.0,23.0,33250.0
143,Victor_China_Open,2019-09-20,0,MD,4,0,34,7,14,47,1.0,31,,21,15,21.0,17.0,,,42,32,2,0,4,0,5,3,6,1,0,4.0,61910.0,5.0,58090.0
144,Blibli_Indonesia_Open,2019-07-18,2,MD,4,0,28,0,10,34,3.0,100,,21,10,21.0,13.0,,,42,23,2,0,8,0,7,4,1,2,0,12.0,30360.0,43.0,12680.0
145,Victor_China_Open,2019-09-18,0,MD,4,0,34,9,13,10,,58,,21,17,21.0,14.0,,,42,31,2,0,2,0,4,4,1,0,1,17.0,37670.0,15.0,39690.0
146,Yonex_All_England_Open,2018-03-14,1,MD,6,0,59,10,10,56,,26,,21,16,16.0,21.0,23.0,21.0,60,58,2,1,2,3,5,6,2,7,1,19.0,7450.0,4.0,16650.0
147,Victor_China_Open,2019-09-18,0,MD,4,0,31,1,17,32,,112,,21,17,21.0,16.0,,,42,33,2,0,5,0,5,5,4,0,0,2.0,69260.0,28.0,27270.0
148,Blibli_Indonesia_Open,2019-07-18,2,MD,4,0,33,7,3,12,6.0,67,,21,12,21.0,11.0,,,42,23,2,0,2,0,8,3,3,2,0,6.0,38450.0,18.0,25080.0
149,Blibli_Indonesia_Open,2019-07-18,2,MD,4,0,34,0,2,18,,32,7.0,21,17,21.0,18.0,,,42,35,2,0,6,0,6,4,0,1,1,23.0,20980.0,13.0,27890.0
150,Victor_China_Open,2019-09-18,0,MD,6,0,55,10,13,56,,54,,20,22,21.0,13.0,21.0,13.0,62,48,2,1,5,1,6,5,0,1,0,11.0,43420.0,40.0,21170.0
151,Victor_China_Open,2019-09-19,0,MD,4,0,39,7,3,12,7.0,72,,21,19,21.0,19.0,,,42,38,2,0,5,0,6,5,7,1,0,6.0,56820.0,10.0,52580.0
152,Victor_China_Open,2019-09-20,0,MD,4,0,39,7,12,12,7.0,106,4.0,23,21,22.0,20.0,,,45,41,2,0,4,1,4,4,4,6,1,6.0,56820.0,3.0,68550.0
153,Blibli_Indonesia_Open,2019-07-16,2,MD,6,0,60,6,14,65,,29,,21,19,18.0,21.0,21.0,19.0,60,59,2,1,4,1,6,6,5,2,1,95.0,2750.0,20.0,23890.0
154,Victor_China_Open,2019-09-21,0,MD,4,0,32,7,2,53,2.0,65,3.0,22,20,21.0,11.0,,,43,31,2,0,2,1,4,3,5,9,0,1.0,73720.0,9.0,54260.0
155,Victor_China_Open,2019-09-20,0,MD,4,0,29,7,12,53,2.0,37,6.0,21,15,21.0,12.0,,,42,27,2,0,6,0,10,4,5,2,0,1.0,73720.0,8.0,54830.0
156,Blibli_Indonesia_Open,2019-07-17,2,MD,6,0,52,5,19,48,,9,,10,21,21.0,13.0,27.0,25.0,58,59,2,1,5,5,6,6,0,0,0,22.0,22060.0,34.0,16120.0
157,Yonex_All_England_Open,2019-03-06,1,MD,6,0,51,10,10,15,,7,,21,14,17.0,21.0,21.0,17.0,59,52,2,1,3,1,4,4,3,1,0,6.0,15640.0,27.0,7200.0
158,Blibli_Indonesia_Open,2019-07-16,2,MD,6,0,56,7,12,47,1.0,108,,20,22,21.0,16.0,21.0,14.0,62,52,2,1,5,1,4,5,7,0,0,11.0,33870.0,17.0,25370.0
159,Blibli_Indonesia_Open,2019-07-17,2,MD,4,0,26,8,1,68,,41,,21,9,21.0,12.0,,,42,21,2,0,3,0,9,2,0,0,0,16.0,25980.0,46.0,11210.0
160,Yonex_All_England_Open,2018-03-14,1,MD,4,0,30,7,10,47,1.0,3,,21,16,21.0,19.0,,,42,35,2,0,5,0,6,3,0,0,0,2.0,18400.0,37.0,5040.0
161,Victor_China_Open,2019-09-21,0,MD,4,0,26,7,10,47,1.0,26,7.0,21,8,21.0,16.0,,,42,24,2,0,4,0,7,3,5,4,0,4.0,61910.0,6.0,56820.0
162,Victor_China_Open,2019-09-17,0,MD,4,0,45,1,3,40,,67,,21,17,21.0,17.0,,,42,34,2,0,7,0,9,5,0,1,0,10.0,52580.0,16.0,39180.0
163,Blibli_Indonesia_Open,2019-07-18,2,MD,4,0,42,0,13,58,,16,,21,18,21.0,18.0,,,42,36,2,0,6,0,9,5,1,0,0,14.0,26340.0,42.0,13720.0
164,Victor_China_Open,2019-09-19,0,MD,6,0,74,10,5,56,,52,8.0,21,18,14.0,21.0,25.0,23.0,60,62,2,1,5,4,3,3,1,2,0,11.0,43420.0,19.0,35900.0
165,Blibli_Indonesia_Open,2019-07-17,2,MD,6,0,62,8,14,67,2.0,31,,17,21,21.0,19.0,21.0,14.0,59,54,2,1,6,1,5,6,10,3,0,1.0,53830.0,4.0,40390.0
166,Victor_China_Open,2019-09-22,0,MD,6,0,42,7,10,47,1.0,84,2.0,21,18,17.0,21.0,21.0,15.0,59,54,2,1,2,4,4,5,10,2,1,4.0,61910.0,1.0,73720.0
167,Victor_China_Open,2019-09-18,0,MD,4,0,30,0,2,34,3.0,34,,21,9,21.0,19.0,,,42,28,2,0,4,0,5,4,1,2,0,9.0,54260.0,24.0,32460.0
168,Blibli_Indonesia_Open,2019-07-18,2,MD,4,0,37,8,12,68,,106,2.0,21,14,21.0,15.0,,,42,29,2,0,3,0,6,4,1,5,1,16.0,25980.0,1.0,53830.0
169,Victor_China_Open,2019-09-18,0,MD,4,0,54,7,6,72,,78,,22,20,21.0,19.0,,,43,39,2,0,7,0,6,5,0,0,0,14.0,40180.0,34.0,23580.0
170,Yonex_All_England_Open,2019-03-06,1,MD,4,0,32,5,15,48,,42,,21,17,21.0,12.0,,,42,29,2,0,7,0,5,4,2,1,0,11.0,11040.0,25.0,7720.0
171,Victor_China_Open,2019-09-19,0,MD,4,0,34,8,3,20,6.0,63,,21,11,21.0,11.0,,,42,22,2,0,3,0,4,5,0,2,1,8.0,54830.0,2.0,69260.0
172,Blibli_Indonesia_Open,2019-07-17,2,MD,4,0,27,1,9,36,,4,,21,11,21.0,17.0,,,42,28,2,0,3,0,8,3,0,1,0,18.0,25080.0,19.0,23990.0
173,Yonex_All_England_Open,2020-03-13,1,MD,4,0,34,7,14,47,1.0,0,8.0,21,17,21.0,19.0,,,42,36,2,0,0,0,0,0,8,3,1,9.0,14240.0,3.0,16590.0
174,Yonex_All_England_Open,2020-03-11,1,MD,4,0,40,7,5,12,5.0,82,,21,17,21.0,19.0,,,42,36,2,0,3,0,5,3,1,2,0,13.0,12840.0,18.0,11340.0
175,Yonex_All_England_Open,2020-03-12,1,MD,4,0,48,10,3,0,8.0,72,,24,22,21.0,17.0,,,45,39,2,0,0,0,0,0,4,2,0,3.0,16590.0,11.0,13470.0
176,Yonex_All_England_Open,2020-03-13,1,MD,6,0,71,12,6,71,,78,,21,18,11.0,21.0,21.0,8.0,53,47,2,1,0,0,0,0,4,1,0,23.0,9960.0,32.0,6070.0
177,Victor_China_Open,2019-09-17,0,MD,4,0,25,10,15,15,,42,,21,6,21.0,9.0,,,42,15,2,0,3,0,7,2,0,0,0,5.0,58090.0,38.0,21650.0
178,Yonex_All_England_Open,2020-03-12,1,MD,4,0,45,3,10,46,,26,5.0,21,14,21.0,15.0,,,42,29,2,0,0,0,0,0,0,2,1,32.0,6070.0,13.0,12840.0
179,Yonex_All_England_Open,2020-03-14,1,MD,4,0,35,7,3,47,1.0,63,7.0,21,18,21.0,13.0,,,42,31,2,0,0,0,0,0,4,2,1,9.0,14240.0,1.0,18780.0
180,Yonex_All_England_Open,2020-03-11,1,MD,4,0,36,8,6,20,6.0,6,,21,14,21.0,12.0,,,42,26,2,0,2,0,5,4,0,0,1,,,24.0,9940.0
181,Yonex_All_England_Open,2018-03-14,1,MD,4,0,24,7,15,53,,40,,21,16,21.0,11.0,,,42,27,2,0,2,0,6,3,0,0,0,23.0,6420.0,35.0,5560.0
182,Yonex_All_England_Open,2020-03-15,1,MD,6,0,72,8,10,20,6.0,79,1.0,21,18,12.0,21.0,21.0,19.0,54,58,2,1,0,0,0,0,5,2,1,,,9.0,14240.0
183,Victor_China_Open,2019-09-19,0,MD,6,0,60,7,13,47,1.0,16,,22,20,18.0,21.0,23.0,21.0,63,62,2,1,3,3,3,6,0,1,0,4.0,61910.0,17.0,37670.0
184,Yonex_All_England_Open,2020-03-13,1,MD,6,0,59,1,2,32,7.0,38,,18,21,21.0,18.0,21.0,14.0,60,53,2,1,0,0,0,0,1,0,0,1.0,18780.0,17.0,11770.0
185,Yonex_All_England_Open,2020-03-14,1,MD,4,0,39,8,17,20,6.0,112,,21,16,21.0,15.0,,,42,31,2,0,0,0,0,0,2,2,1,,,23.0,9960.0
186,Yonex_All_England_Open,2021-03-18,1,MD,4,0,37,8,14,20,4.0,89,,21,10,21.0,19.0,,,42,29,2,0,0,0,0,0,5,0,1,,,5.0,3850.0
187,Yonex_All_England_Open,2020-03-11,1,MD,6,0,76,3,2,46,,23,,21,18,13.0,21.0,21.0,16.0,55,55,2,1,3,2,5,7,1,1,1,32.0,6070.0,15.0,12390.0
188,Yonex_All_England_Open,2021-03-19,1,MD,6,0,68,8,6,67,3.0,78,8.0,21,19,9.0,21.0,21.0,8.0,51,48,2,1,0,0,0,0,3,0,1,,,9.0,2750.0
189,Yonex_All_England_Open,2020-03-13,1,MD,4,0,35,8,10,20,6.0,84,2.0,21,19,21.0,18.0,,,42,37,2,0,0,0,0,0,1,6,1,,,10.0,14220.0
190,Victor_China_Open,2019-09-18,0,MD,4,0,36,8,8,69,,80,,21,17,21.0,19.0,,,42,36,2,0,4,0,5,4,2,1,1,23.0,33250.0,20.0,35520.0
191,Yonex_All_England_Open,2021-03-20,1,MD,4,0,36,8,5,20,4.0,43,,21,13,21.0,11.0,,,42,24,2,0,0,0,0,0,0,0,1,,,9.0,2750.0
192,Yonex_All_England_Open,2021-03-17,1,MD,6,0,56,7,6,53,2.0,6,,21,18,19.0,21.0,21.0,19.0,61,58,2,1,4,4,5,5,1,0,1,,,9.0,2750.0
193,Victor_China_Open,2019-09-19,0,MD,6,0,54,0,10,34,3.0,113,,19,21,21.0,14.0,21.0,13.0,61,48,2,1,3,2,4,3,2,0,0,9.0,54260.0,14.0,40180.0
194,Yonex_All_England_Open,2019-03-06,1,MD,6,0,52,8,14,20,4.0,89,,21,13,15.0,21.0,21.0,15.0,57,49,2,1,2,1,7,6,5,0,1,4.0,17080.0,1.0,19100.0
195,Yonex_All_England_Open,2021-03-18,1,MD,6,0,63,2,9,29,,103,6.0,21,16,11.0,21.0,21.0,17.0,53,54,2,1,0,0,0,0,5,3,0,1.0,7000.0,3.0,4900.0
196,Yonex_All_England_Open,2021-03-20,1,MD,4,0,45,8,5,67,3.0,52,,21,18,21.0,14.0,,,42,32,2,0,0,0,0,0,4,3,1,,,1.0,7000.0
197,Victor_China_Open,2019-09-18,0,MD,4,0,25,7,9,53,2.0,4,,21,15,21.0,15.0,,,42,30,2,0,2,0,4,3,4,0,0,1.0,73720.0,21.0,34900.0
198,Yonex_All_England_Open,2018-03-14,1,MD,4,0,30,1,17,30,8.0,112,,21,19,21.0,11.0,,,42,30,2,0,4,0,4,3,1,1,0,31.0,5820.0,31.0,5820.0
199,Yonex_All_England_Open,2021-03-17,1,MD,4,0,37,10,8,15,7.0,80,,21,11,21.0,18.0,,,42,29,2,0,3,0,5,5,1,1,1,9.0,2750.0,2.0,5950.0
200,Yonex_All_England_Open,2019-03-06,1,MD,4,0,32,7,13,12,8.0,58,,23,21,21.0,14.0,,,44,35,2,0,3,1,8,5,1,2,0,22.0,8640.0,43.0,4970.0
201,Yonex_All_England_Open,2021-03-19,1,MD,4,0,34,2,7,29,,19,,21,10,21.0,14.0,,,42,24,2,0,0,0,0,0,6,0,0,1.0,7000.0,9.0,2750.0
202,Yonex_All_England_Open,2020-03-12,1,MD,4,0,23,7,2,47,1.0,91,,21,9,21.0,15.0,,,42,24,2,0,0,0,0,0,2,0,0,9.0,14240.0,25.0,8570.0
203,Yonex_All_England_Open,2021-03-19,1,MD,4,0,36,2,19,24,,87,,21,19,21.0,12.0,,,42,31,2,0,0,0,0,0,0,0,1,9.0,2750.0,5.0,3850.0
204,Siminvest_Indonesia_Open_2021_New_,2021-11-23,2,MD,6,0,65,7,12,47,1.0,49,,12,21,21.0,18.0,21.0,15.0,54,54,2,1,5,1,5,4,0,0,0,1.0,37500.0,40.0,8320.0
205,Yonex_All_England_Open,2018-03-14,1,MD,6,0,69,2,19,43,6.0,10,,22,20,16.0,21.0,21.0,18.0,59,59,2,1,4,1,6,7,2,0,0,10.0,11460.0,,
206,Yonex_All_England_Open,2020-03-12,1,MD,6,0,52,0,2,21,,65,3.0,21,9,14.0,21.0,21.0,17.0,56,47,2,1,0,0,0,0,0,2,0,17.0,11770.0,22.0,10020.0
207,Yonex_All_England_Open,2021-03-18,1,MD,4,0,33,2,14,52,,31,7.0,21,19,21.0,18.0,,,42,37,2,0,0,0,0,0,0,0,1,,,9.0,2750.0
208,Siminvest_Indonesia_Open_2021_New_,2021-11-23,2,MD,4,0,41,10,8,0,5.0,80,,25,23,21.0,12.0,,,46,35,2,0,6,1,4,3,5,1,1,9.0,25100.0,7.0,26550.0
209,Siminvest_Indonesia_Open_2021_New_,2021-11-24,2,MD,6,0,60,8,10,68,,84,2.0,23,21,15.0,21.0,21.0,15.0,59,57,2,1,5,2,8,5,1,3,0,3.0,32050.0,11.0,23210.0
210,Yonex_All_England_Open,2021-03-17,1,MD,4,0,31,10,9,56,,74,,21,13,21.0,12.0,,,42,25,2,0,5,0,7,3,3,0,0,5.0,3850.0,17.0,1670.0
211,Yonex_All_England_Open,2018-03-14,1,MD,4,0,36,6,12,65,,107,,21,19,21.0,18.0,,,42,37,2,0,6,0,5,4,3,1,0,15.0,10020.0,,
212,Yonex_All_England_Open,2020-03-12,1,MD,4,0,40,1,14,32,7.0,89,,21,19,21.0,16.0,,,42,35,2,0,0,0,0,0,5,3,0,1.0,18780.0,2.0,17080.0
213,Siminvest_Indonesia_Open_2021_New_,2021-11-24,2,MD,6,0,55,7,6,59,,6,,18,21,21.0,17.0,21.0,9.0,60,47,2,1,2,3,6,5,3,0,0,6.0,27020.0,8.0,26270.0
214,Siminvest_Indonesia_Open_2021_New_,2021-11-25,2,MD,4,0,35,2,12,29,7.0,76,,21,11,21.0,14.0,,,42,25,2,0,2,0,8,3,1,0,0,2.0,35500.0,51.0,4880.0
215,Yonex_All_England_Open,2020-03-12,1,MD,6,0,59,12,12,71,,106,4.0,21,14,15.0,21.0,21.0,19.0,57,54,2,1,0,0,0,0,3,2,0,23.0,9960.0,43.0,3600.0
216,Siminvest_Indonesia_Open_2021_New_,2021-11-24,2,MD,6,0,67,1,17,40,,112,8.0,21,17,15.0,21.0,21.0,19.0,57,57,2,1,3,1,5,4,2,3,0,21.0,15240.0,49.0,5410.0
217,Siminvest_Indonesia_Open_2021_New_,2021-11-25,2,MD,4,0,37,10,3,14,,63,3.0,21,15,23.0,21.0,,,44,36,2,0,3,3,5,3,1,2,0,18.0,18780.0,30.0,10850.0
218,Yonex_All_England_Open,2020-03-12,1,MD,6,0,46,7,12,53,2.0,107,,14,21,21.0,15.0,21.0,14.0,56,50,2,1,0,0,0,0,2,2,0,10.0,14220.0,32.0,6070.0
219,Siminvest_Indonesia_Open_2021_New_,2021-11-26,2,MD,6,0,52,7,14,47,1.0,89,,14,21,21.0,14.0,21.0,16.0,56,51,2,1,2,2,5,5,6,0,0,1.0,37500.0,4.0,31220.0
220,Siminvest_Indonesia_Open_2021_New_,2021-11-23,2,MD,4,0,30,1,14,32,3.0,30,,21,14,21.0,16.0,,,42,30,2,0,4,0,5,3,1,0,0,30.0,10850.0,31.0,10540.0
221,Siminvest_Indonesia_Open_2021_New_,2021-11-26,2,MD,6,0,70,8,10,1,,26,4.0,21,10,13.0,21.0,21.0,14.0,55,45,2,1,2,1,5,6,0,5,1,16.0,20040.0,14.0,22000.0
222,Siminvest_Indonesia_Open_2021_New_,2021-11-23,2,MD,4,0,41,9,9,9,,74,,22,20,21.0,13.0,,,43,33,2,0,2,2,6,3,1,0,1,69.0,2660.0,17.0,19480.0
223,Siminvest_Indonesia_Open_2021_New_,2021-11-27,2,MD,4,0,44,7,9,47,1.0,103,6.0,21,16,21.0,18.0,,,42,34,2,0,6,0,7,3,12,0,0,1.0,37500.0,11.0,23210.0
224,Siminvest_Indonesia_Open_2021_New_,2021-11-26,2,MD,6,0,66,8,5,68,,52,7.0,14,21,21.0,15.0,21.0,14.0,56,50,2,1,4,1,4,4,6,7,1,3.0,32050.0,2.0,35500.0
225,Siminvest_Indonesia_Open_2021_New_,2021-11-24,2,MD,4,0,36,7,10,54,,102,,21,18,22.0,20.0,,,43,38,2,0,3,0,4,3,0,2,0,15.0,20040.0,25.0,14120.0
226,Yonex_All_England_Open,2021-03-17,1,MD,4,0,33,14,15,55,,101,,21,14,22.0,20.0,,,43,34,2,0,0,0,0,0,0,0,0,5.0,3850.0,17.0,1670.0
227,Yonex_All_England_Open,2020-03-12,1,MD,4,0,27,8,3,20,6.0,62,,21,11,21.0,12.0,,,42,23,2,0,0,0,0,0,1,0,1,,,7.0,14570.0
228,Yonex_All_England_Open,2021-03-18,1,MD,4,0,38,3,6,46,8.0,11,,21,9,21.0,13.0,,,42,22,2,0,0,0,0,0,0,0,0,9.0,2750.0,,
229,Siminvest_Indonesia_Open_2021_New_,2021-11-27,2,MD,4,0,48,8,12,68,,1,,22,20,21.0,14.0,,,43,34,2,0,3,1,4,3,3,2,0,3.0,32050.0,16.0,20040.0
230,Siminvest_Indonesia_Open_2021_New_,2021-11-24,2,MD,4,0,40,7,10,12,4.0,64,,21,17,22.0,20.0,,,43,37,2,0,4,0,4,3,0,5,1,14.0,22000.0,10.0,23820.0
231,Siminvest_Indonesia_Open_2021_New_,2021-11-23,2,MD,6,0,58,9,12,26,,36,,9,21,21.0,14.0,21.0,16.0,51,51,2,1,4,2,4,8,1,0,1,69.0,2660.0,51.0,4880.0
232,Siminvest_Indonesia_Open_2021_New_,2021-11-24,2,MD,4,0,30,8,10,44,,92,,21,14,21.0,11.0,,,42,25,2,0,2,0,7,2,0,0,0,51.0,4880.0,56.0,4320.0
233,Siminvest_Indonesia_Open_2021_New_,2021-11-28,2,MD,4,0,38,7,12,47,1.0,107,,21,14,21.0,18.0,,,42,32,2,0,2,0,4,4,10,4,0,1.0,37500.0,3.0,32050.0
234,Siminvest_Indonesia_Open_2021_New_,2021-11-26,2,MD,4,0,43,6,14,65,6.0,29,,21,19,21.0,19.0,,,42,38,2,0,2,0,6,4,5,2,0,11.0,23210.0,18.0,18780.0
235,Yonex_All_England_Open,2022-03-16,1,MD,6,0,52,7,9,53,2.0,74,,15,21,21.0,12.0,21.0,18.0,57,51,2,1,3,1,7,9,4,0,1,11.0,7800.0,6.0,10170.0
236,Yonex_All_England_Open,2022-03-17,1,MD,6,0,55,7,14,54,,89,8.0,24,22,13.0,21.0,21.0,17.0,58,60,2,1,3,4,5,5,1,1,1,,,5.0,10270.0
237,Yonex_All_England_Open,2020-03-11,1,MD,6,0,68,8,3,67,4.0,67,,21,12,21.0,23.0,21.0,10.0,63,45,2,1,3,4,8,4,2,1,1,43.0,3600.0,4.0,16270.0
238,Yonex_All_England_Open,2019-03-06,1,MD,4,0,36,0,19,16,7.0,110,,21,18,21.0,18.0,,,42,36,2,0,4,0,5,3,0,0,0,18.0,9170.0,47.0,3630.0
239,Siminvest_Indonesia_Open_2021_New_,2021-11-25,2,MD,6,0,60,7,13,47,1.0,15,,12,21,21.0,19.0,21.0,18.0,54,58,2,1,6,1,4,5,2,0,0,1.0,37500.0,69.0,2660.0
240,Yonex_All_England_Open,2022-03-18,1,MD,4,0,47,7,9,47,1.0,103,5.0,24,22,21.0,17.0,,,45,39,2,0,4,6,6,4,12,0,1,,,8.0,9200.0
241,Siminvest_Indonesia_Open_2021_New_,2021-11-25,2,MD,6,0,75,6,13,65,6.0,47,,21,15,19.0,21.0,23.0,21.0,63,57,2,1,4,4,3,3,4,3,0,11.0,23210.0,69.0,2660.0
242,Siminvest_Indonesia_Open_2021_New_,2021-11-23,2,MD,4,0,38,10,7,14,,19,,22,20,21.0,10.0,,,43,30,2,0,3,0,6,5,1,0,1,18.0,18780.0,5.0,29480.0
243,Yonex_All_England_Open,2020-03-11,1,MD,4,0,39,12,2,71,,32,,21,15,22.0,20.0,,,43,35,2,0,3,0,3,4,0,2,1,23.0,9960.0,15.0,12390.0
244,Yonex_All_England_Open,2022-03-17,1,MD,6,0,67,8,6,68,3.0,6,,21,11,19.0,21.0,24.0,22.0,64,54,2,1,4,2,6,6,4,1,0,30.0,3850.0,38.0,2750.0
245,Yonex_All_England_Open,2021-03-17,1,MD,4,0,19,6,6,65,6.0,86,,21,7,21.0,10.0,,,42,17,2,0,2,0,7,3,0,0,0,3.0,4900.0,,
246,Yonex_All_England_Open,2022-03-18,1,MD,4,0,39,7,5,53,2.0,52,7.0,21,15,22.0,20.0,,,43,35,2,0,4,0,6,5,5,3,0,11.0,7800.0,26.0,4900.0
247,Yonex_All_England_Open,2021-03-18,1,MD,6,0,43,14,16,55,,28,,21,19,17.0,21.0,21.0,8.0,59,48,2,1,0,0,0,0,0,0,0,5.0,3850.0,17.0,1670.0
248,Yonex_All_England_Open,2022-03-17,1,MD,4,0,30,2,12,29,7.0,49,,21,12,21.0,7.0,,,42,19,2,0,2,0,7,3,4,0,0,26.0,4900.0,30.0,3850.0
249,Yonex_All_England_Open,2022-03-16,1,MD,4,0,46,3,14,4,,109,,21,14,22.0,20.0,,,43,34,2,0,3,0,4,3,0,0,0,38.0,2750.0,54.0,1670.0
250,Siminvest_Indonesia_Open_2021_New_,2021-11-24,2,MD,4,0,39,2,7,29,7.0,73,,22,20,21.0,11.0,,,43,31,2,0,5,0,5,3,3,0,0,2.0,35500.0,23.0,14950.0
251,Siminvest_Indonesia_Open_2021_New_,2021-11-23,2,MD,4,0,27,10,14,56,,109,,21,11,21.0,11.0,,,42,22,2,0,2,0,7,3,0,0,0,4.0,31220.0,37.0,8920.0
252,Yonex_All_England_Open,2022-03-17,1,MD,6,0,68,7,12,47,1.0,1,,15,21,21.0,18.0,21.0,18.0,57,57,2,1,5,1,5,4,1,0,1,,,38.0,2750.0
253,Yonex_All_England_Open,2022-03-18,1,MD,6,0,60,7,12,54,,107,3.0,16,21,21.0,16.0,22.0,20.0,59,57,2,1,3,5,8,5,2,2,1,,,30.0,3850.0
254,Yonex_All_England_Open,2022-03-19,1,MD,6,0,48,7,2,53,2.0,34,,21,16,14.0,21.0,21.0,13.0,56,50,2,1,5,1,5,3,0,1,0,11.0,7800.0,26.0,4900.0
255,Yonex_All_England_Open,2022-03-18,1,MD,6,0,51,0,10,18,,64,,15,21,21.0,16.0,21.0,14.0,57,51,2,1,3,1,4,5,0,0,0,26.0,4900.0,,
256,Yonex_All_England_Open,2021-03-17,1,MD,4,0,42,3,11,46,8.0,46,,21,14,21.0,13.0,,,42,27,2,0,3,0,6,3,1,0,0,9.0,2750.0,,
257,Siminvest_Indonesia_Open_2021_New_,2021-11-24,2,MD,4,0,36,8,19,1,,105,,21,19,21.0,11.0,,,42,30,2,0,5,0,5,3,0,0,0,16.0,20040.0,22.0,15060.0
258,Siminvest_Indonesia_Open_2021_New_,2021-11-25,2,MD,4,0,29,10,14,56,,0,5.0,21,14,21.0,17.0,,,42,31,2,0,2,0,7,5,1,6,0,4.0,31220.0,9.0,25100.0
259,Yonex_All_England_Open,2020-03-11,1,MD,6,0,48,0,10,34,3.0,113,,21,13,19.0,21.0,21.0,8.0,61,42,2,1,2,2,6,4,2,0,0,22.0,10020.0,37.0,4440.0
260,Siminvest_Indonesia_Open_2021_New_,2021-11-25,2,MD,4,0,53,8,10,68,,96,,25,23,27.0,25.0,,,52,48,2,0,7,5,5,4,3,1,0,3.0,32050.0,6.0,27020.0
261,Yonex_All_England_Open,2022-03-20,1,MD,4,0,37,7,10,54,,84,2.0,21,19,21.0,13.0,,,42,32,2,0,3,0,7,3,1,2,1,,,11.0,7800.0
262,Yonex_All_England_Open,2022-03-17,1,MD,4,0,27,6,8,65,5.0,80,,21,7,21.0,7.0,,,42,14,2,0,2,0,10,2,0,0,0,8.0,9200.0,38.0,2750.0
263,East_Ventures_Indonesia_Open,2022-06-15,2,MD,6,0,48,10,13,0,5.0,53,,21,18,11.0,21.0,21.0,11.0,53,50,2,1,2,1,5,4,1,0,0,10.0,21160.0,45.0,9220.0
264,Yonex_All_England_Open,2022-03-16,1,MD,4,0,39,0,5,37,,43,,24,22,21.0,13.0,,,45,35,2,0,4,5,9,5,0,0,0,54.0,1670.0,54.0,1670.0
265,East_Ventures_Indonesia_Open,2022-06-15,2,MD,4,0,43,0,10,38,,84,2.0,21,17,24.0,22.0,,,45,39,2,0,3,4,3,4,3,1,1,19.0,15500.0,2.0,34730.0
266,Siminvest_Indonesia_Open_2021_New_,2021-11-25,2,MD,4,0,25,7,10,12,4.0,85,,21,11,21.0,10.0,,,42,21,2,0,3,0,9,2,6,2,0,14.0,22000.0,15.0,20040.0
267,Yonex_All_England_Open,2020-03-11,1,MD,6,0,53,10,2,56,,34,,19,21,21.0,15.0,21.0,12.0,61,48,2,1,4,2,5,4,2,1,0,2.0,17080.0,8.0,14490.0
268,Yonex_All_England_Open,2022-03-16,1,MD,4,0,29,10,6,56,8.0,11,,21,14,21.0,12.0,,,42,26,2,0,2,0,7,3,1,0,0,5.0,10270.0,54.0,1670.0
269,Yonex_All_England_Open,2020-03-11,1,MD,4,0,40,0,13,21,,54,,21,19,21.0,15.0,,,42,34,2,0,2,0,5,5,0,0,1,17.0,11770.0,6.0,15550.0
270,East_Ventures_Indonesia_Open,2022-06-15,2,MD,4,0,39,7,14,12,6.0,29,,21,19,21.0,14.0,,,42,33,2,0,4,0,4,3,7,2,0,1.0,37550.0,5.0,26030.0
271,Siminvest_Indonesia_Open_2021_New_,2021-11-25,2,MD,4,0,46,8,3,1,,72,,26,24,21.0,7.0,,,47,31,2,0,5,2,7,5,1,0,0,16.0,20040.0,21.0,15240.0
272,Yonex_All_England_Open,2021-03-17,1,MD,4,0,30,4,20,11,,95,,21,17,21.0,14.0,,,42,31,2,0,4,0,4,4,0,0,0,9.0,2750.0,17.0,1670.0
273,East_Ventures_Indonesia_Open,2022-06-18,2,MD,4,0,38,0,14,38,,0,5.0,21,18,21.0,13.0,,,42,31,2,0,3,0,5,2,3,3,1,19.0,15500.0,10.0,21160.0
274,East_Ventures_Indonesia_Open,2022-06-16,2,MD,6,0,55,7,3,59,,63,4.0,21,16,17.0,21.0,21.0,14.0,59,51,2,1,3,3,5,4,0,1,0,18.0,16770.0,38.0,10080.0
275,Yonex_All_England_Open,2022-03-16,1,MD,6,0,55,2,15,29,7.0,101,,21,13,23.0,25.0,21.0,10.0,65,48,2,1,7,3,10,4,1,0,0,26.0,4900.0,38.0,2750.0
276,East_Ventures_Indonesia_Open,2022-06-14,2,MD,4,0,46,2,3,29,8.0,72,,21,15,21.0,16.0,,,42,31,2,0,3,0,6,4,5,3,0,6.0,25370.0,55.0,5820.0
277,Yonex_All_England_Open,2021-03-17,1,MD,4,0,36,2,5,29,,94,,21,17,21.0,15.0,,,42,32,2,0,4,0,5,4,0,0,0,1.0,7000.0,17.0,1670.0
278,East_Ventures_Indonesia_Open,2022-06-17,2,MD,4,0,45,0,10,38,,26,6.0,21,18,21.0,18.0,,,42,36,2,0,3,0,5,3,2,2,1,19.0,15500.0,1.0,37550.0
279,Yonex_All_England_Open,2022-03-17,1,MD,6,0,51,7,2,53,2.0,68,,19,21,21.0,17.0,21.0,14.0,61,52,2,1,2,7,6,6,1,0,0,11.0,7800.0,54.0,1670.0
280,East_Ventures_Indonesia_Open,2022-06-18,2,MD,6,0,68,9,5,9,,52,8.0,13,21,21.0,12.0,21.0,18.0,55,51,2,1,3,1,6,6,3,0,1,28.0,12160.0,6.0,25370.0
281,East_Ventures_Indonesia_Open,2022-06-17,2,MD,6,0,63,2,12,29,8.0,107,3.0,21,17,16.0,21.0,21.0,14.0,58,52,2,1,6,1,4,4,6,7,0,6.0,25370.0,13.0,19650.0
282,East_Ventures_Indonesia_Open,2022-06-19,2,MD,4,0,49,0,13,38,,15,,21,17,23.0,21.0,,,44,38,2,0,3,1,4,7,2,0,0,19.0,15500.0,28.0,12160.0
283,East_Ventures_Indonesia_Open,2022-06-16,2,MD,4,0,34,9,10,26,,79,1.0,21,14,21.0,12.0,,,42,26,2,0,4,0,5,3,0,2,0,17.0,18090.0,22.0,14820.0
284,East_Ventures_Indonesia_Open,2022-06-14,2,MD,4,0,39,7,10,47,1.0,113,,21,19,21.0,16.0,,,42,35,2,0,2,0,5,5,4,1,0,22.0,14820.0,82.0,3600.0
285,Yonex_All_England_Open,2020-03-11,1,MD,4,0,30,1,8,32,7.0,80,,21,16,21.0,13.0,,,42,29,2,0,4,0,8,3,3,0,0,1.0,18780.0,27.0,7700.0
286,East_Ventures_Indonesia_Open,2022-06-15,2,MD,4,0,31,1,19,32,4.0,105,,21,13,21.0,15.0,,,42,28,2,0,4,0,5,3,5,0,1,38.0,10080.0,31.0,11570.0
287,East_Ventures_Indonesia_Open,2022-06-17,2,MD,6,0,56,10,10,0,5.0,96,,14,21,21.0,12.0,22.0,20.0,57,53,2,1,2,4,7,6,2,1,0,10.0,21160.0,18.0,16770.0
288,East_Ventures_Indonesia_Open,2022-06-17,2,MD,6,0,61,9,13,9,,47,,16,21,21.0,13.0,21.0,18.0,58,52,2,1,4,2,5,4,1,1,1,28.0,12160.0,17.0,18090.0
289,Yonex_All_England_Open,2020-03-11,1,MD,4,0,29,1,15,31,,42,,21,14,21.0,13.0,,,42,27,2,0,2,0,4,2,1,0,0,7.0,14570.0,26.0,7780.0
290,East_Ventures_Indonesia_Open,2022-06-15,2,MD,4,0,37,7,6,59,,6,,21,19,21.0,15.0,,,42,34,2,0,3,0,7,4,3,0,0,18.0,16770.0,23.0,14740.0
291,Yonex_All_England_Open,2020-03-11,1,MD,6,0,64,1,5,40,,52,,22,20,14.0,21.0,21.0,16.0,57,57,2,1,3,2,6,4,2,6,1,11.0,13470.0,5.0,15930.0
292,East_Ventures_Indonesia_Open,2022-06-16,2,MD,6,0,44,10,15,0,5.0,101,,21,17,16.0,21.0,21.0,6.0,58,44,2,1,3,2,7,3,1,0,0,10.0,21160.0,34.0,11250.0
293,East_Ventures_Indonesia_Open,2022-06-14,2,MD,4,0,44,9,18,9,,20,,21,18,21.0,19.0,,,42,37,2,0,3,0,6,4,0,0,0,28.0,12160.0,40.0,9920.0
294,Yonex_All_England_Open,2022-03-17,1,MD,6,0,67,7,2,33,,70,,20,22,24.0,22.0,21.0,16.0,65,60,2,1,6,4,5,6,0,0,1,,,19.0,5950.0
295,East_Ventures_Indonesia_Open,2022-06-16,2,MD,6,0,76,2,10,29,8.0,64,,21,18,16.0,21.0,21.0,15.0,58,54,2,1,3,3,5,5,4,4,0,6.0,25370.0,14.0,19320.0
296,East_Ventures_Indonesia_Open,2022-06-14,2,MD,4,0,40,7,7,33,,25,,21,16,21.0,17.0,,,42,33,2,0,2,0,5,3,1,0,1,14.0,19320.0,7.0,24240.0
297,Yonex_All_England_Open,2021-03-17,1,MD,4,0,45,2,5,24,,44,,27,25,21.0,11.0,,,48,36,2,0,0,0,0,0,0,0,0,9.0,2750.0,9.0,2750.0
298,East_Ventures_Indonesia_Open,2022-06-15,2,MD,4,0,39,7,18,54,,2,,21,16,21.0,16.0,,,42,32,2,0,2,0,5,2,3,2,0,3.0,29760.0,42.0,9640.0
299,East_Ventures_Indonesia_Open,2022-06-14,2,MD,4,0,47,8,8,1,,80,,21,18,22.0,20.0,,,43,38,2,0,4,0,4,4,1,0,1,35.0,11150.0,32.0,11400.0
300,Yonex_All_England_Open,2020-03-11,1,MD,6,0,53,7,12,53,2.0,1,,12,21,21.0,13.0,25.0,23.0,58,57,2,1,0,0,0,0,2,0,0,10.0,14220.0,19.0,11110.0
301,East_Ventures_Indonesia_Open,2022-06-14,2,MD,4,0,35,9,10,26,,102,,21,13,21.0,11.0,,,42,24,2,0,2,0,6,2,0,0,0,17.0,18090.0,55.0,5820.0
302,East_Ventures_Indonesia_Open,2022-06-16,2,MD,6,0,60,8,14,68,3.0,89,,21,11,14.0,21.0,21.0,19.0,56,51,2,1,3,1,5,3,7,1,1,13.0,19650.0,4.0,26180.0
303,Yonex_All_England_Open,2022-03-17,1,MD,4,0,35,0,14,18,,0,4.0,21,15,21.0,19.0,,,42,34,2,0,4,0,8,4,1,0,0,26.0,4900.0,,
304,East_Ventures_Indonesia_Open,2022-06-16,2,MD,6,0,49,7,10,12,6.0,85,,21,10,10.0,21.0,21.0,15.0,52,46,2,1,5,2,6,5,6,2,0,1.0,37550.0,3.0,29760.0
305,Yonex_All_England_Open,2022-03-16,1,MD,4,0,38,7,10,33,,26,6.0,21,16,22.0,20.0,,,43,36,2,0,2,3,5,4,4,1,1,,,38.0,2750.0
306,Yonex_All_England_Open,2021-03-17,1,MD,6,0,53,3,5,6,,22,,16,21,21.0,18.0,21.0,17.0,58,56,2,1,3,1,4,4,0,0,1,,,17.0,1670.0
307,Yonex_All_England_Open,2020-03-11,1,MD,4,0,25,10,14,0,8.0,29,,21,15,21.0,17.0,,,42,32,2,0,0,0,0,0,5,3,0,3.0,16590.0,14.0,12760.0
308,Yonex_All_England_Open,2022-03-16,1,MD,4,0,37,0,19,39,,105,,21,15,21.0,12.0,,,42,27,2,0,5,0,6,4,0,0,0,19.0,5950.0,38.0,2750.0
309,Yonex_All_England_Open,2022-03-16,1,MD,4,0,45,8,7,27,,25,,21,18,21.0,11.0,,,42,29,2,0,4,0,7,3,1,0,1,30.0,3850.0,3.0,11940.0
310,Yonex_All_England_Open,2021-03-17,1,MD,4,0,42,2,14,52,,71,,21,16,21.0,19.0,,,42,35,2,0,3,0,4,5,0,0,1,,,5.0,3850.0
311,East_Ventures_Indonesia_Open,2022-06-15,2,MD,6,0,83,6,12,42,,49,,27,25,18.0,21.0,21.0,19.0,66,65,2,1,5,5,5,6,0,1,0,11.0,20660.0,21.0,15360.0
312,Yonex_All_England_Open,2020-03-11,1,MD,6,0,40,7,1,47,1.0,41,,21,18,20.0,22.0,21.0,14.0,62,54,2,1,0,0,0,0,0,0,0,9.0,14240.0,41.0,3890.0
313,Yonex_All_England_Open,2020-03-11,1,MD,4,0,33,0,13,58,,58,,21,19,21.0,17.0,,,42,36,2,0,0,0,0,0,0,0,0,25.0,8570.0,52.0,2220.0
314,East_Ventures_Indonesia_Open,2022-06-15,2,MD,6,0,59,11,7,63,,19,,18,21,21.0,17.0,21.0,15.0,60,53,2,1,2,2,4,5,2,3,1,34.0,11250.0,25.0,13450.0
315,Yonex_All_England_Open,2022-03-16,1,MD,4,0,38,6,18,65,5.0,2,,21,17,21.0,19.0,,,42,36,2,0,2,0,4,5,1,1,0,8.0,9200.0,54.0,1670.0
316,Yonex_All_England_Open,2022-03-16,1,MD,4,0,37,5,9,48,,60,,21,16,21.0,19.0,,,42,35,2,0,2,0,5,5,0,0,1,38.0,2750.0,1.0,15050.0
317,East_Ventures_Indonesia_Open,2022-06-16,2,MD,4,0,41,0,9,38,,74,,21,19,21.0,15.0,,,42,34,2,0,4,0,7,8,2,0,1,19.0,15500.0,11.0,20660.0
318,East_Ventures_Indonesia_Open,2022-06-14,2,MD,4,0,26,8,9,68,3.0,4,,21,8,21.0,11.0,,,42,19,2,0,3,0,4,2,2,0,0,13.0,19650.0,73.0,4440.0
319,East_Ventures_Indonesia_Open,2022-06-16,2,MD,4,0,38,9,12,9,,1,,21,12,21.0,18.0,,,42,30,2,0,5,0,7,3,1,0,0,28.0,12160.0,35.0,11150.0
320,East_Ventures_Indonesia_Open,2022-06-14,2,MD,4,0,36,10,5,56,,43,,21,14,21.0,14.0,,,42,28,2,0,2,0,6,4,0,0,0,4.0,26180.0,26.0,13240.0
321,Yonex_All_England_Open,2023-03-14,1,MD,6,0,54,7,13,54,,53,,21,15,13.0,21.0,21.0,16.0,55,52,2,1,2,3,5,6,0,1,0,7.0,19060.0,51.0,2750.0
322,Yonex_All_England_Open,2023-03-16,1,MD,4,0,44,7,14,54,,89,8.0,21,18,21.0,18.0,,,42,36,2,0,3,0,6,5,1,1,0,7.0,19060.0,11.0,15400.0
323,Yonex_All_England_Open,2023-03-15,1,MD,6,0,66,7,13,12,1.0,47,,20,22,21.0,12.0,21.0,19.0,62,53,2,1,4,2,6,6,2,6,0,2.0,24740.0,3.0,24270.0
324,Yonex_All_England_Open,2022-03-16,1,MD,4,0,39,8,7,1,,19,,21,8,21.0,14.0,,,42,22,2,0,2,0,6,5,0,0,0,38.0,2750.0,54.0,1670.0
325,Yonex_All_England_Open,2023-03-14,1,MD,6,0,57,10,3,56,8.0,63,,12,21,21.0,16.0,21.0,18.0,54,55,2,1,3,3,5,5,2,6,0,11.0,15400.0,40.0,4800.0
326,Yonex_All_England_Open,2023-03-17,1,MD,6,0,60,0,10,35,,64,,13,21,21.0,19.0,21.0,18.0,55,58,2,1,4,1,5,6,1,1,0,1.0,26470.0,4.0,23660.0
327,Yonex_All_England_Open,2023-03-15,1,MD,6,0,60,7,14,33,,0,2.0,21,18,14.0,21.0,21.0,13.0,56,52,2,1,2,3,7,5,2,5,0,4.0,23660.0,5.0,20860.0
328,Yonex_All_England_Open,2020-03-11,1,MD,6,0,66,8,13,68,,16,,24,22,19.0,21.0,21.0,19.0,64,62,2,1,0,0,0,0,1,2,1,32.0,6070.0,12.0,13440.0
329,Yonex_All_England_Open,2023-03-16,1,MD,6,0,58,0,9,35,,103,6.0,10,21,21.0,17.0,21.0,19.0,52,57,2,1,5,1,4,4,4,2,0,1.0,26470.0,18.0,12720.0
330,Yonex_All_England_Open,2023-03-17,1,MD,6,0,57,7,2,53,3.0,69,5.0,16,21,21.0,19.0,21.0,19.0,58,59,2,1,2,1,5,5,0,4,1,16.0,12860.0,6.0,20740.0
331,Yonex_All_England_Open,2023-03-18,1,MD,6,0,68,7,2,53,3.0,66,,21,15,19.0,21.0,29.0,27.0,69,63,2,1,7,6,4,6,1,4,1,16.0,12860.0,1.0,26470.0
332,Yonex_All_England_Open,2023-03-14,1,MD,6,0,61,2,8,29,7.0,80,,18,21,21.0,14.0,21.0,17.0,60,52,2,1,6,1,6,10,11,4,0,8.0,16990.0,10.0,15820.0
333,Yonex_All_England_Open,2022-03-16,1,MD,4,0,48,7,7,47,1.0,73,,21,12,21.0,18.0,,,42,30,2,0,3,0,6,4,1,0,1,,,54.0,1670.0
334,Yonex_All_England_Open,2023-03-18,1,MD,4,0,45,7,2,12,1.0,35,,21,19,21.0,17.0,,,42,36,2,0,6,0,4,4,3,1,0,2.0,24740.0,12.0,15130.0
335,Yonex_All_England_Open,2023-03-15,1,MD,6,0,68,0,6,38,5.0,6,,21,18,17.0,21.0,21.0,16.0,59,55,2,1,4,1,6,5,3,0,0,6.0,20740.0,33.0,5660.0
336,Yonex_All_England_Open,2023-03-19,1,MD,4,0,34,7,10,12,1.0,84,3.0,21,17,21.0,14.0,,,42,31,2,0,3,0,4,4,3,3,0,2.0,24740.0,16.0,12860.0
337,Yonex_All_England_Open,2022-03-16,1,MD,6,0,65,8,14,68,3.0,77,,21,17,18.0,21.0,23.0,21.0,62,59,2,1,8,2,5,5,0,0,1,30.0,3850.0,10.0,8670.0
338,Yonex_All_England_Open,2023-03-14,1,MD,6,0,60,1,7,31,,19,,20,22,21.0,17.0,21.0,13.0,62,52,2,1,5,2,6,2,1,0,0,13.0,14970.0,23.0,9550.0
339,Yonex_All_England_Open,2023-03-17,1,MD,6,0,69,0,12,19,,107,4.0,17,21,21.0,18.0,21.0,15.0,59,54,2,1,3,3,4,6,1,0,1,12.0,15130.0,9.0,15930.0
340,Yonex_All_England_Open,2023-03-17,1,MD,4,0,38,7,10,12,1.0,85,,21,18,21.0,13.0,,,42,31,2,0,5,0,4,3,6,2,0,2.0,24740.0,7.0,19060.0
341,Yonex_All_England_Open,2022-03-16,1,MD,6,0,52,0,14,18,,29,,21,15,19.0,21.0,21.0,11.0,61,47,2,1,2,2,5,5,0,0,1,26.0,4900.0,13.0,7000.0
342,Kapal_Api_Group_Indonesia_Open,2023-06-13,2,MD,6,0,60,10,9,56,8.0,74,,12,21,21.0,6.0,22.0,20.0,55,47,2,1,3,1,6,4,3,0,0,11.0,36190.0,37.0,15590.0
343,Yonex_All_England_Open,2023-03-16,1,MD,4,0,40,0,5,19,,52,7.0,21,15,21.0,10.0,,,42,25,2,0,2,0,8,3,2,0,1,12.0,15130.0,8.0,16990.0
344,Kapal_Api_Group_Indonesia_Open,2023-06-16,2,MD,4,0,41,6,10,65,7.0,26,1.0,21,13,21.0,13.0,,,42,26,2,0,3,0,6,3,3,2,1,13.0,32450.0,4.0,45470.0
345,Yonex_All_England_Open,2023-03-14,1,MD,4,0,35,0,3,19,,72,,21,10,21.0,12.0,,,42,22,2,0,4,0,6,3,0,0,0,12.0,15130.0,26.0,9120.0
346,Kapal_Api_Group_Indonesia_Open,2023-06-14,2,MD,4,0,33,10,10,0,2.0,85,,21,16,21.0,12.0,,,42,28,2,0,3,0,7,4,4,0,1,9.0,39350.0,3.0,50330.0
347,Kapal_Api_Group_Indonesia_Open,2023-06-18,2,MD,4,0,43,6,14,65,7.0,0,2.0,21,17,21.0,18.0,,,42,35,2,0,6,0,6,4,1,8,1,13.0,32450.0,9.0,39350.0
348,Kapal_Api_Group_Indonesia_Open,2023-06-16,2,MD,4,0,41,10,12,0,2.0,1,,21,10,21.0,15.0,,,42,25,2,0,2,0,5,2,4,4,0,9.0,39350.0,19.0,29280.0
349,Kapal_Api_Group_Indonesia_Open,2023-06-15,2,MD,4,0,46,6,2,65,7.0,35,,21,17,21.0,15.0,,,42,32,2,0,6,0,5,4,2,0,1,13.0,32450.0,6.0,43140.0
350,Kapal_Api_Group_Indonesia_Open,2023-06-14,2,MD,6,0,67,0,5,38,5.0,52,,16,21,21.0,19.0,21.0,15.0,58,55,2,1,2,1,5,8,3,3,0,16.0,32220.0,18.0,29420.0
351,Kapal_Api_Group_Indonesia_Open,2023-06-17,2,MD,6,0,67,6,13,65,7.0,47,,17,21,21.0,19.0,21.0,18.0,59,58,2,1,6,2,7,5,4,3,1,13.0,32450.0,5.0,44170.0
352,Kapal_Api_Group_Indonesia_Open,2023-06-16,2,MD,6,0,60,7,2,59,,66,6.0,16,21,21.0,17.0,21.0,19.0,58,57,2,1,4,2,5,5,0,2,1,15.0,32280.0,1.0,53420.0
353,Kapal_Api_Group_Indonesia_Open,2023-06-15,2,MD,4,0,42,7,14,33,,89,8.0,22,20,21.0,17.0,,,43,37,2,0,5,0,6,5,1,2,0,2.0,53190.0,11.0,36190.0
354,Kapal_Api_Group_Indonesia_Open,2023-06-17,2,MD,6,0,57,10,10,0,2.0,96,,12,21,23.0,21.0,21.0,13.0,56,55,2,1,3,2,5,6,2,1,0,9.0,39350.0,15.0,32280.0
355,Kapal_Api_Group_Indonesia_Open,2023-06-13,2,MD,6,0,56,9,3,26,,72,,15,21,21.0,11.0,21.0,12.0,57,44,2,1,3,2,7,6,2,0,0,5.0,44170.0,21.0,27840.0
356,Yonex_All_England_Open,2023-03-15,1,MD,4,0,39,4,15,41,,101,,21,16,21.0,15.0,,,42,31,2,0,3,0,5,5,0,0,1,27.0,9010.0,23.0,9550.0
357,Kapal_Api_Group_Indonesia_Open,2023-06-14,2,MD,4,0,37,8,18,68,3.0,2,,21,19,21.0,16.0,,,42,35,2,0,3,0,4,4,5,0,0,7.0,39950.0,26.0,23660.0
358,Yonex_All_England_Open,2023-03-16,1,MD,4,0,39,8,18,68,4.0,2,,21,17,21.0,17.0,,,42,34,2,0,7,0,7,4,5,0,0,9.0,15930.0,33.0,5660.0
359,Yonex_All_England_Open,2023-03-15,1,MD,4,0,35,13,13,2,,15,,21,15,21.0,14.0,,,42,29,2,0,4,0,6,3,0,2,1,33.0,5660.0,14.0,14880.0
360,Victor_China_Open,2023-09-05,0,MD,4,0,36,0,10,35,3.0,64,6.0,21,15,21.0,18.0,,,42,33,2,0,4,0,7,4,1,1,0,4.0,70760.0,5.0,66600.0
361,Yonex_All_England_Open,2023-03-16,1,MD,4,0,32,7,5,33,,43,,21,15,21.0,16.0,,,42,31,2,0,3,0,8,5,1,1,0,4.0,23660.0,47.0,3850.0
362,Kapal_Api_Group_Indonesia_Open,2023-06-15,2,MD,6,0,54,7,10,59,,84,4.0,18,21,21.0,19.0,23.0,21.0,62,61,2,1,4,1,6,5,0,5,1,15.0,32280.0,14.0,32420.0
363,Kapal_Api_Group_Indonesia_Open,2023-06-16,2,MD,4,0,31,9,10,26,,64,,21,14,21.0,10.0,,,42,24,2,0,2,0,12,6,1,0,1,5.0,44170.0,2.0,53190.0
364,Kapal_Api_Group_Indonesia_Open,2023-06-14,2,MD,6,0,66,8,14,27,,77,,19,21,21.0,15.0,21.0,19.0,61,55,2,1,5,3,5,4,0,1,0,25.0,24230.0,32.0,17780.0
365,Yonex_All_England_Open,2023-03-16,1,MD,4,0,38,0,2,38,5.0,99,,21,18,22.0,20.0,,,43,38,2,0,9,0,7,5,2,0,0,6.0,20740.0,19.0,12590.0
366,Kapal_Api_Group_Indonesia_Open,2023-06-13,2,MD,4,0,36,7,5,12,1.0,43,,21,15,21.0,11.0,,,42,26,2,0,2,0,6,4,1,0,0,4.0,45470.0,29.0,19580.0
367,Victor_China_Open,2023-09-05,0,MD,4,0,50,2,10,29,,26,1.0,21,19,21.0,19.0,,,42,38,2,0,4,0,5,3,3,4,1,18.0,45940.0,1.0,72610.0
368,Kapal_Api_Group_Indonesia_Open,2023-06-13,2,MD,6,0,63,7,12,33,,5,,23,21,8.0,21.0,21.0,12.0,52,54,2,1,3,2,4,6,1,0,0,2.0,53190.0,34.0,16560.0
369,Yonex_All_England_Open,2023-03-15,1,MD,4,0,43,6,9,65,6.0,60,,21,13,21.0,13.0,,,42,26,2,0,2,0,4,3,0,0,0,18.0,12720.0,25.0,9540.0
370,Kapal_Api_Group_Indonesia_Open,2023-06-13,2,MD,6,0,57,0,7,19,,73,,21,12,21.0,23.0,21.0,9.0,63,44,2,1,2,4,5,4,0,0,0,6.0,43140.0,26.0,23660.0
371,Victor_China_Open,2023-09-06,0,MD,4,0,47,10,2,56,,99,,21,16,23.0,21.0,,,44,37,2,0,2,2,5,4,2,0,0,9.0,57410.0,15.0,51160.0
372,Kapal_Api_Group_Indonesia_Open,2023-06-15,2,MD,4,0,38,10,13,0,2.0,15,,21,19,21.0,16.0,,,42,35,2,0,5,0,5,6,3,0,0,9.0,39350.0,12.0,35600.0
373,Kapal_Api_Group_Indonesia_Open,2023-06-14,2,MD,6,0,66,8,3,1,,63,,21,18,17.0,21.0,21.0,12.0,59,51,2,1,2,2,5,6,0,5,0,19.0,29280.0,35.0,16280.0
374,Yonex_All_England_Open,2023-03-14,1,MD,4,0,33,8,12,68,4.0,49,,21,12,21.0,14.0,,,42,26,2,0,5,0,6,3,3,0,0,9.0,15930.0,20.0,12370.0
375,Victor_China_Open,2023-09-06,0,MD,6,0,52,9,10,26,,84,2.0,21,18,15.0,21.0,21.0,12.0,57,51,2,1,4,2,5,5,4,2,0,2.0,72510.0,14.0,51910.0
376,Victor_China_Open,2023-09-05,0,MD,4,0,26,8,19,68,5.0,105,,21,9,21.0,5.0,,,42,14,2,0,3,0,10,2,2,0,0,3.0,71980.0,26.0,33540.0
377,Victor_China_Open,2023-09-06,0,MD,4,0,29,1,3,32,5.0,104,,21,14,21.0,14.0,,,42,28,2,0,3,0,6,3,1,0,0,19.0,45870.0,21.0,40750.0
378,Victor_China_Open,2023-09-07,0,MD,4,0,39,0,12,35,3.0,1,,21,14,22.0,20.0,,,43,34,2,0,4,0,4,4,0,1,0,4.0,70760.0,10.0,55610.0
379,Victor_China_Open,2023-09-06,0,MD,4,0,35,0,3,19,,12,,21,14,21.0,17.0,,,42,31,2,0,4,0,6,3,0,1,0,11.0,54200.0,32.0,28230.0
380,Kapal_Api_Group_Indonesia_Open,2023-06-15,2,MD,6,0,71,8,2,1,,69,5.0,18,21,24.0,22.0,21.0,16.0,63,59,2,1,9,1,5,4,0,5,1,19.0,29280.0,16.0,32220.0
381,Yonex_All_England_Open,2023-03-15,1,MD,4,0,36,7,10,53,3.0,96,,25,23,21.0,18.0,,,46,41,2,0,3,3,3,4,4,1,0,16.0,12860.0,22.0,10870.0
382,Kapal_Api_Group_Indonesia_Open,2023-06-14,2,MD,4,0,30,7,19,53,4.0,105,,21,16,21.0,17.0,,,42,33,2,0,3,0,5,4,1,0,0,14.0,32420.0,23.0,25660.0
383,Yonex_All_England_Open,2023-03-16,1,MD,4,0,29,7,3,12,1.0,62,,22,20,21.0,15.0,,,43,35,2,0,5,0,5,4,3,2,0,2.0,24740.0,13.0,14970.0
384,Kapal_Api_Group_Indonesia_Open,2023-06-13,2,MD,4,0,29,0,3,61,,62,,21,15,21.0,16.0,,,42,31,2,0,4,0,7,5,0,0,0,8.0,39820.0,10.0,37570.0
385,Victor_China_Open,2023-09-08,0,MD,4,0,39,0,2,35,3.0,69,7.0,21,18,21.0,19.0,,,42,37,2,0,4,0,5,4,1,1,0,4.0,70760.0,17.0,48320.0
386,Kapal_Api_Group_Indonesia_Open,2023-06-15,2,MD,4,0,40,7,2,12,1.0,99,,21,14,21.0,17.0,,,42,31,2,0,3,0,6,4,1,0,0,4.0,45470.0,8.0,39820.0
387,Victor_China_Open,2023-09-07,0,MD,4,0,40,10,2,0,4.0,35,,21,16,21.0,17.0,,,42,33,2,0,3,0,3,3,2,1,0,6.0,64240.0,11.0,54200.0
388,Yonex_All_England_Open,2023-03-15,1,MD,4,0,28,0,19,35,,105,,21,13,21.0,18.0,,,42,31,2,0,3,0,5,5,1,1,0,1.0,26470.0,21.0,12220.0
389,Victor_China_Open,2023-09-06,0,MD,6,0,68,7,9,54,,103,,21,17,11.0,21.0,21.0,17.0,53,55,2,1,6,2,5,6,3,4,0,7.0,59870.0,8.0,59700.0
390,Victor_China_Open,2023-09-08,0,MD,4,0,39,9,10,26,,85,,21,15,21.0,17.0,,,42,32,2,0,2,0,5,4,4,1,0,2.0,72510.0,7.0,59870.0
391,Yonex_All_England_Open,2023-03-16,1,MD,4,0,30,7,7,53,3.0,73,,21,14,21.0,13.0,,,42,27,2,0,5,0,5,3,1,1,0,16.0,12860.0,27.0,9010.0
392,Victor_China_Open,2023-09-07,0,MD,6,0,69,9,3,26,,63,5.0,21,19,17.0,21.0,25.0,23.0,63,63,2,1,3,5,4,5,3,1,0,2.0,72510.0,19.0,45870.0
393,Kapal_Api_Group_Indonesia_Open,2023-06-15,2,MD,4,0,31,0,12,35,6.0,49,,21,9,21.0,16.0,,,42,25,2,0,3,0,6,3,2,0,0,1.0,53420.0,25.0,24230.0
394,Victor_China_Open,2023-09-06,0,MD,4,0,35,10,13,0,4.0,15,,21,10,25.0,23.0,,,46,33,2,0,4,5,4,4,3,0,0,6.0,64240.0,22.0,40400.0
395,Victor_China_Open,2023-09-08,0,MD,4,0,40,8,5,68,5.0,52,,21,12,21.0,17.0,,,42,29,2,0,2,0,4,4,6,7,0,3.0,71980.0,18.0,45940.0
396,Victor_China_Open,2023-09-05,0,MD,4,0,37,0,7,38,7.0,19,,21,16,21.0,14.0,,,42,30,2,0,4,0,5,5,4,0,0,17.0,48320.0,33.0,27660.0
397,Yonex_All_England_Open,2023-03-15,1,MD,6,0,75,2,12,24,,1,,18,21,23.0,21.0,24.0,22.0,65,64,2,1,5,4,4,10,0,1,1,47.0,3850.0,17.0,12780.0
398,Victor_China_Open,2023-09-08,0,MD,6,0,62,10,14,0,4.0,89,,19,21,21.0,19.0,21.0,11.0,61,51,2,1,3,3,5,4,5,2,0,6.0,64240.0,9.0,57410.0
399,Yonex_All_England_Open,2022-03-16,1,MD,4,0,36,10,18,0,4.0,20,,21,14,21.0,19.0,,,42,33,2,0,4,0,4,5,1,0,1,,,54.0,1670.0
400,Yonex_All_England_Open,2023-03-15,1,MD,4,0,38,0,9,61,,74,,21,16,21.0,15.0,,,42,31,2,0,2,0,4,3,0,0,0,19.0,12590.0,,
401,Victor_China_Open,2023-09-07,0,MD,4,0,28,2,3,29,,62,,21,8,21.0,13.0,,,42,21,2,0,5,0,5,3,2,0,1,18.0,45940.0,16.0,50390.0
402,Kapal_Api_Group_Indonesia_Open,2023-06-15,2,MD,4,0,42,9,12,26,,107,3.0,21,18,21.0,14.0,,,42,32,2,0,3,0,8,4,5,3,0,5.0,44170.0,7.0,39950.0
403,Victor_China_Open,2023-09-06,0,MD,4,0,37,2,7,60,,73,,21,17,21.0,9.0,,,42,26,2,0,3,0,7,2,0,0,1,41.0,20000.0,23.0,36770.0
404,Victor_China_Open,2023-09-07,0,MD,4,0,36,10,5,56,,98,,21,12,21.0,17.0,,,42,29,2,0,3,0,6,4,0,1,0,9.0,57410.0,41.0,20000.0
405,Victor_China_Open,2023-09-05,0,MD,4,0,38,8,18,1,,2,,21,13,21.0,17.0,,,42,30,2,0,3,0,4,3,0,0,0,10.0,55610.0,34.0,26660.0
406,Victor_China_Open,2023-09-06,0,MD,6,0,59,7,12,59,,5,4.0,22,20,19.0,21.0,21.0,17.0,62,58,2,1,5,1,4,4,3,0,0,13.0,51980.0,29.0,28880.0
407,Kapal_Api_Group_Indonesia_Open,2023-06-14,2,MD,6,0,56,7,6,59,,6,,21,15,13.0,21.0,21.0,14.0,55,50,2,1,4,2,4,5,3,0,0,15.0,32280.0,17.0,29850.0
408,Victor_China_Open,2023-09-05,0,MD,4,0,33,1,3,31,,72,,22,20,21.0,13.0,,,43,33,2,0,4,0,5,3,0,2,1,16.0,50390.0,12.0,53070.0
409,Victor_China_Open,2023-09-05,0,MD,6,0,64,1,8,13,,80,,18,21,21.0,13.0,21.0,16.0,60,50,2,1,4,1,6,6,0,1,0,27.0,31260.0,39.0,22710.0
410,Petronas_Malaysia_Open,2024-01-10,3,MD,6,0,62,10,5,0,3.0,98,,20,22,21.0,13.0,21.0,13.0,62,48,2,1,2,2,8,4,0,0,1,,,15.0,4900.0
411,Kapal_Api_Group_Indonesia_Open,2023-06-14,2,MD,4,0,23,0,1,35,6.0,51,,21,13,21.0,13.0,,,42,26,2,0,2,0,7,3,1,0,0,1.0,53420.0,63.0,4650.0
412,Petronas_Malaysia_Open,2024-01-09,3,MD,4,0,47,8,8,27,7.0,80,,22,20,21.0,16.0,,,43,36,2,0,3,0,4,6,1,0,1,,,32.0,2750.0
413,Victor_China_Open,2023-09-05,0,MD,4,0,47,8,9,27,7.0,74,,23,21,21.0,19.0,,,44,40,2,0,4,3,5,4,0,1,0,20.0,43990.0,37.0,23470.0
414,Victor_China_Open,2023-09-07,0,MD,4,0,43,8,12,68,5.0,49,7.0,21,17,21.0,19.0,,,42,36,2,0,6,0,7,3,3,0,0,3.0,71980.0,20.0,43990.0
415,Yonex_All_England_Open,2024-03-12,1,MD,6,0,65,0,14,38,8.0,89,,15,21,23.0,21.0,21.0,14.0,59,56,2,1,2,5,4,5,3,1,1,14.0,19790.0,11.0,20510.0
416,Victor_China_Open,2023-09-07,0,MD,6,0,60,0,3,38,7.0,27,,15,21,21.0,17.0,21.0,18.0,57,56,2,1,3,1,5,6,0,0,0,17.0,48320.0,27.0,31260.0
417,Yonex_All_England_Open,2024-03-12,1,MD,4,0,30,2,7,29,4.0,19,,21,16,21.0,13.0,,,42,29,2,0,2,0,6,4,6,0,0,6.0,24700.0,29.0,13290.0
418,Yonex_All_England_Open,2024-03-13,1,MD,4,0,39,8,6,68,6.0,6,,21,9,21.0,19.0,,,42,28,2,0,4,0,5,3,4,1,0,8.0,23800.0,30.0,13220.0
419,Yonex_All_England_Open,2024-03-16,1,MD,4,0,36,10,3,0,5.0,62,,21,16,21.0,15.0,,,42,31,2,0,2,0,6,4,3,0,1,12.0,20350.0,3.0,29880.0
420,Yonex_All_England_Open,2024-03-15,1,MD,4,0,45,7,3,12,7.0,63,2.0,21,14,24.0,22.0,,,45,36,2,0,2,3,3,3,5,3,0,5.0,25120.0,27.0,13580.0
421,Yonex_All_England_Open,2024-03-17,1,MD,4,0,44,7,14,12,7.0,0,5.0,21,16,21.0,16.0,,,42,32,2,0,5,0,6,3,3,4,0,5.0,25120.0,12.0,20350.0
422,Yonex_All_England_Open,2024-03-16,1,MD,4,0,40,7,12,12,7.0,107,6.0,21,18,21.0,18.0,,,42,36,2,0,2,0,7,5,3,3,0,5.0,25120.0,8.0,23800.0
423,Yonex_All_England_Open,2024-03-15,1,MD,4,0,31,10,10,0,5.0,85,3.0,21,14,21.0,11.0,,,42,25,2,0,2,0,8,3,4,0,0,12.0,20350.0,18.0,18260.0
424,Yonex_All_England_Open,2024-03-14,1,MD,6,0,50,14,5,66,,52,4.0,21,12,5.0,21.0,21.0,19.0,47,52,2,1,2,1,4,11,0,3,1,7.0,23850.0,6.0,24700.0
425,Petronas_Malaysia_Open,2024-01-10,3,MD,4,0,38,7,12,53,1.0,1,,21,18,21.0,15.0,,,42,33,2,0,5,0,5,4,2,0,1,,,10.0,5950.0
426,Victor_China_Open,2023-09-07,0,MD,4,0,32,7,10,54,,96,,21,16,21.0,12.0,,,42,28,2,0,3,0,7,4,2,2,0,7.0,59870.0,13.0,51980.0
427,Yonex_All_England_Open,2024-03-14,1,MD,4,0,41,7,9,54,3.0,103,4.0,21,16,21.0,15.0,,,42,31,2,0,2,0,6,4,3,4,1,18.0,18260.0,1.0,30550.0
428,Petronas_Malaysia_Open,2024-01-11,3,MD,4,0,39,6,7,65,,73,,21,11,21.0,18.0,,,42,29,2,0,3,0,9,9,2,0,1,,,32.0,2750.0
429,Kapal_Api_Indonesia_Open,2024-06-05,2,MD,6,0,52,0,12,17,,107,6.0,9,21,21.0,18.0,21.0,12.0,51,51,2,1,3,1,7,7,1,1,0,4.0,36730.0,8.0,32200.0
430,Yonex_All_England_Open,2024-03-13,1,MD,4,0,34,6,10,65,4.0,84,1.0,21,18,21.0,14.0,,,42,32,2,0,2,0,5,4,2,4,0,1.0,30550.0,44.0,7460.0
431,Yonex_All_England_Open,2024-03-12,1,MD,4,0,45,14,7,66,,73,,26,24,21.0,12.0,,,47,36,2,0,6,2,6,3,2,0,0,7.0,23850.0,22.0,16200.0
432,Yonex_All_England_Open,2024-03-13,1,MD,4,0,28,1,20,31,,111,,21,6,21.0,16.0,,,42,22,2,0,4,0,9,3,1,0,0,3.0,29880.0,41.0,8220.0
433,Yonex_All_England_Open,2024-03-15,1,MD,4,0,27,1,19,31,,105,,21,13,21.0,17.0,,,42,30,2,0,4,0,5,2,1,0,0,3.0,29880.0,7.0,23850.0
434,Yonex_All_England_Open,2024-03-12,1,MD,4,0,29,1,1,7,,51,,21,10,21.0,14.0,,,42,24,2,0,2,0,6,3,1,0,0,33.0,11480.0,79.0,2660.0
435,Kapal_Api_Indonesia_Open,2024-06-04,2,MD,6,0,59,10,13,45,,47,3.0,20,22,21.0,16.0,21.0,17.0,62,55,2,1,7,1,5,6,0,3,1,29.0,20430.0,11.0,30100.0
436,Yonex_All_England_Open,2024-03-15,1,MD,6,0,53,8,2,68,6.0,33,,14,21,21.0,15.0,21.0,9.0,56,45,2,1,2,2,6,4,0,2,1,8.0,23800.0,2.0,30130.0
437,Kapal_Api_Indonesia_Open,2024-06-04,2,MD,4,0,46,2,2,60,,13,,21,18,23.0,21.0,,,44,39,2,0,7,0,6,4,0,0,0,17.0,24140.0,32.0,19010.0
438,Yonex_All_England_Open,2024-03-12,1,MD,4,0,33,7,18,54,3.0,2,,21,18,21.0,16.0,,,42,34,2,0,5,0,4,4,3,2,0,18.0,18260.0,21.0,16470.0
439,Yonex_All_England_Open,2024-03-12,1,MD,4,0,33,10,14,0,5.0,29,,21,19,21.0,17.0,,,42,36,2,0,5,0,4,4,5,3,0,12.0,20350.0,24.0,14000.0
440,Kapal_Api_Indonesia_Open,2024-06-06,2,MD,6,0,58,1,2,31,,33,,21,16,21.0,23.0,21.0,17.0,63,56,2,1,3,2,4,5,1,1,0,2.0,38280.0,4.0,36730.0
441,Kapal_Api_Indonesia_Open,2024-06-05,2,MD,6,0,62,7,2,54,,69,,18,21,21.0,18.0,21.0,18.0,60,57,2,1,4,1,6,6,0,2,0,5.0,34410.0,16.0,24590.0
442,Yonex_All_England_Open,2024-03-13,1,MD,4,0,46,1,10,32,2.0,64,,21,19,21.0,19.0,,,42,38,2,0,4,0,5,4,0,1,1,27.0,13580.0,13.0,20270.0
443,Yonex_All_England_Open,2024-03-14,1,MD,6,0,67,1,2,32,2.0,66,2.0,22,20,19.0,21.0,21.0,16.0,62,57,2,1,6,2,5,6,1,3,1,27.0,13580.0,10.0,20640.0
444,Yonex_All_England_Open,2024-03-14,1,MD,6,0,72,7,12,12,7.0,1,,18,21,21.0,17.0,21.0,18.0,60,56,2,1,5,2,4,5,4,1,0,5.0,25120.0,16.0,19060.0
445,Kapal_Api_Indonesia_Open,2024-06-06,2,MD,4,0,32,7,7,54,,19,,21,11,21.0,17.0,,,42,28,2,0,4,0,4,3,0,0,0,5.0,34410.0,25.0,22860.0
446,Kapal_Api_Indonesia_Open,2024-06-05,2,MD,4,0,36,4,18,11,,2,,21,18,23.0,21.0,,,44,39,2,0,5,3,4,5,0,4,0,25.0,22860.0,27.0,21140.0
447,Petronas_Malaysia_Open,2024-01-10,3,MD,4,0,38,9,6,26,,6,,21,14,21.0,14.0,,,42,28,2,0,3,0,5,3,1,0,1,,,15.0,4900.0
448,Kapal_Api_Indonesia_Open,2024-06-07,2,MD,6,0,58,0,14,35,,29,,18,21,21.0,18.0,21.0,19.0,60,58,2,1,3,3,6,6,2,0,0,15.0,25440.0,31.0,19750.0
449,Kapal_Api_Indonesia_Open,2024-06-06,2,MD,4,0,38,2,12,29,4.0,50,5.0,21,19,21.0,10.0,,,42,29,2,0,3,0,6,2,1,0,0,12.0,29500.0,36.0,17860.0
450,Kapal_Api_Indonesia_Open,2024-06-07,2,MD,6,0,69,2,10,29,4.0,85,,21,16,15.0,21.0,23.0,21.0,59,58,2,1,11,2,8,6,4,0,1,12.0,29500.0,5.0,34410.0
451,Yonex_All_England_Open,2024-03-13,1,MD,4,0,35,0,13,17,,47,,21,14,21.0,13.0,,,42,27,2,0,3,0,7,3,1,1,0,2.0,30130.0,4.0,27100.0
452,Petronas_Malaysia_Open,2024-01-10,3,MD,6,0,58,4,13,41,,55,,21,16,9.0,21.0,21.0,19.0,51,56,2,1,4,2,5,6,0,0,0,32.0,2750.0,,
453,Yonex_All_England_Open,2024-03-14,1,MD,4,0,36,8,12,68,6.0,50,,21,18,21.0,12.0,,,42,30,2,0,3,0,9,4,1,0,0,8.0,23800.0,37.0,10310.0
454,Kapal_Api_Indonesia_Open,2024-06-04,2,MD,4,0,35,1,8,40,,8,,21,15,21.0,16.0,,,42,31,2,0,4,0,4,3,0,0,0,24.0,22930.0,47.0,13740.0
455,Kapal_Api_Indonesia_Open,2024-06-06,2,MD,4,0,38,1,14,40,,0,,21,16,21.0,14.0,,,42,30,2,0,2,0,6,2,1,5,1,24.0,22930.0,9.0,30550.0
456,Kapal_Api_Indonesia_Open,2024-06-07,2,MD,6,0,57,10,3,45,,72,,21,17,18.0,21.0,21.0,10.0,60,48,2,1,2,1,6,4,1,0,1,29.0,20430.0,24.0,22930.0
457,Kapal_Api_Indonesia_Open,2024-06-04,2,MD,6,0,45,1,14,31,,71,4.0,19,21,21.0,14.0,21.0,14.0,61,49,2,1,3,3,5,5,0,0,0,2.0,38280.0,46.0,14020.0
458,Yonex_All_England_Open,2024-03-14,1,MD,4,0,46,10,3,0,5.0,12,,21,18,24.0,22.0,,,45,40,2,0,6,2,4,6,2,0,0,12.0,20350.0,33.0,11480.0
459,Kapal_Api_Indonesia_Open,2024-06-07,2,MD,6,0,58,7,3,64,,62,,21,17,14.0,21.0,21.0,16.0,56,54,2,1,3,2,7,6,0,1,1,13.0,26780.0,2.0,38280.0
460,Kapal_Api_Indonesia_Open,2024-06-09,2,MD,6,0,55,0,14,35,,77,,19,21,21.0,16.0,21.0,12.0,61,49,2,1,5,2,6,5,3,0,0,15.0,25440.0,29.0,20430.0
461,Kapal_Api_Indonesia_Open,2024-06-05,2,MD,4,0,48,2,3,29,4.0,27,2.0,21,15,21.0,19.0,,,42,34,2,0,4,0,8,5,2,0,0,12.0,29500.0,33.0,18670.0
462,Kapal_Api_Indonesia_Open,2024-06-08,2,MD,4,0,32,0,5,35,,52,4.0,21,13,21.0,15.0,,,42,28,2,0,2,0,7,3,2,1,1,15.0,25440.0,12.0,29500.0
463,Kapal_Api_Indonesia_Open,2024-06-06,2,MD,6,0,61,10,5,45,,98,,21,18,19.0,21.0,21.0,12.0,61,51,2,1,3,1,5,5,1,1,1,29.0,20430.0,17.0,24140.0
464,Kapal_Api_Indonesia_Open,2024-06-08,2,MD,4,0,45,10,10,45,,102,,29,27,21.0,13.0,,,50,40,2,0,7,3,5,4,0,0,1,29.0,20430.0,13.0,26780.0
465,Kapal_Api_Indonesia_Open,2024-06-06,2,MD,6,0,59,10,10,14,,64,,16,21,21.0,16.0,21.0,12.0,58,49,2,1,3,1,5,5,1,0,1,31.0,19750.0,10.0,30390.0
466,Kapal_Api_Indonesia_Open,2024-06-05,2,MD,6,0,45,7,19,53,4.0,105,,19,21,21.0,12.0,21.0,13.0,61,46,2,1,4,1,7,3,1,0,1,45.0,14060.0,6.0,34300.0
467,Kapal_Api_Indonesia_Open,2024-06-04,2,MD,6,0,55,1,14,32,6.0,18,,18,21,21.0,16.0,21.0,17.0,60,54,2,1,2,1,6,5,0,0,1,18.0,24030.0,7.0,33660.0
468,Kapal_Api_Indonesia_Open,2024-06-06,2,MD,6,0,57,0,10,35,,84,4.0,17,21,22.0,20.0,21.0,18.0,60,59,2,1,3,1,6,5,3,2,0,15.0,25440.0,45.0,14060.0
469,Yonex_All_England_Open,2024-03-13,1,MD,4,0,30,0,1,35,2.0,24,1.0,21,14,21.0,15.0,,,42,29,2,0,4,0,4,3,1,0,0,10.0,20640.0,26.0,13880.0
470,Kapal_Api_Indonesia_Open,2024-06-05,2,MD,4,0,24,0,2,35,,114,,21,16,21.0,9.0,,,42,25,2,0,4,0,5,2,0,0,0,15.0,25440.0,42.0,14960.0
471,Yonex_All_England_Open,2024-03-13,1,MD,4,0,42,2,3,60,,72,,21,17,21.0,18.0,,,42,35,2,0,2,0,6,4,2,1,0,15.0,19340.0,20.0,17710.0
472,Kapal_Api_Indonesia_Open,2024-06-04,2,MD,6,0,72,7,10,64,,97,,24,26,24.0,22.0,26.0,24.0,74,72,2,1,10,7,5,5,0,0,0,13.0,26780.0,,
473,Yonex_All_England_Open,2024-03-14,1,MD,4,0,37,1,2,31,,69,8.0,21,18,21.0,16.0,,,42,34,2,0,3,0,6,4,1,1,0,3.0,29880.0,14.0,19790.0
474,Yonex_All_England_Open,2024-03-13,1,MD,4,0,44,8,14,1,,77,,23,21,21.0,18.0,,,44,39,2,0,6,0,4,3,1,0,0,16.0,19060.0,27.0,13580.0
475,Kapal_Api_Indonesia_Open,2024-06-04,2,MD,4,0,26,10,20,0,,111,,21,14,21.0,11.0,,,42,25,2,0,4,0,7,3,0,0,0,9.0,30550.0,40.0,15640.0
476,Yonex_All_England_Open,2024-03-14,1,MD,4,0,35,0,5,17,,98,,21,15,21.0,12.0,,,42,27,2,0,3,0,4,4,1,0,0,2.0,30130.0,15.0,19340.0
477,Yonex_All_England_Open,2024-03-13,1,MD,4,0,35,8,4,28,,88,,22,20,21.0,10.0,,,43,30,2,0,2,1,7,3,0,0,0,37.0,10310.0,42.0,7720.0
478,Kapal_Api_Indonesia_Open,2024-06-05,2,MD,4,0,35,8,0,28,5.0,59,,21,10,25.0,23.0,,,46,33,2,0,4,3,5,3,0,0,0,36.0,17860.0,,
479,Kapal_Api_Indonesia_Open,2024-06-05,2,MD,4,0,37,7,10,33,,26,7.0,21,14,21.0,17.0,,,42,31,2,0,3,0,5,4,4,1,1,10.0,30390.0,3.0,37120.0
480,Kapal_Api_Indonesia_Open,2024-06-06,2,MD,4,0,30,7,3,64,,63,6.0,21,11,21.0,18.0,,,42,29,2,0,4,0,11,4,0,0,0,13.0,26780.0,18.0,24030.0
481,Kapal_Api_Indonesia_Open,2024-06-05,2,MD,4,0,24,10,1,14,,24,,21,6,21.0,7.0,,,42,13,2,0,2,0,9,3,2,0,1,31.0,19750.0,30.0,20220.0
482,Yonex_All_England_Open,2024-03-13,1,MD,4,0,28,7,3,12,7.0,27,,21,13,21.0,9.0,,,42,22,2,0,3,0,8,2,2,2,0,5.0,25120.0,24.0,14000.0
